1,Sgjshqa,true
2,Bqh,false
3,Vhdeqiw,false
4,Bdfxcjbqfsua,false
5,Tmk,false
6,Yadjfwugy,false
7,Ydphasimqfrebl,true
8,Etqjjtvjrjjeeus,true
9,Ncydncnqwhia,true
10,Lco,true
11,Osauzkovktxfj,true
12,Ytdnrycl,true
13,Ncd,false
14,Bge,true
15,Arqbd,true
16,Hojr,false
17,Kbrnn,false
18,Mmgtxzhqkieipwq,true
19,Evkzqdtztfplr,true
20,Anv,true
21,Ujz,false
22,Rgzqtlwnsbiehd,true
23,Gocr,false
24,Uzyneumrcbtindk,true
25,Dwasgufeamiumxy,true
26,Oqikwy,false
27,Twma,false
28,Lgrkivwye,true
29,Eoqgzvzrzrgne,true
30,Iakg,true
31,Wpdcohmeljplxw,true
32,Bpsubwvcj,true
33,Bbz,false
34,Obbfqzzfiox,true
35,Ggdhjrmsemu,false
36,Rgkkwclvvhdd,true
37,Kvwrsuxoa,false
38,Afprqxigs,true
39,Ozqbuhjxjo,true
40,Uwvsjqypxya,false
41,Xwrszzextwruzzx,true
42,Olimzxl,true
43,Zeyl,false
44,Moasustwgnr,false
45,Heisqqy,false
46,Csyonl,false
47,Nrvtlxbcxwgc,false
48,Hsnej,false
49,Jfglgpouruf,true
50,Addawppufw,false
51,Erwujgrbxmxtem,false
52,Icqnloseiomx,false
53,Tkxuxteoxxx,true
54,Omkkelmgjsvasu,true
55,Ltfolmiawn,true
56,Ceqcm,true
57,Smvsnp,true
58,Humelv,true
59,Wmfn,true
60,Zjuxhdflov,true
61,Akitben,true
62,Bhucckhwdjjzia,false
63,Ivxwxt,true
64,Tnkweieap,false
65,Morpeimvg,true
66,Tideioit,true
67,Jynkscmqlpv,true
68,Lyaftsz,true
69,Ajjax,false
70,Ajoymxgsrepkznt,true
71,Ggteztawkbe,false
72,Ajzkopgugxteov,false
73,Qmsifmailorbm,true
74,Rwpezdm,false
75,Stvupymncsbpb,false
76,Mmhq,false
77,Rzxxzswwwb,true
78,Dvjejbfayfljzyw,false
79,Bwhbmrn,true
80,Kkdfyakhlukxryt,true
81,Lbcawrifhepa,false
82,Ocjmltz,false
83,Ohhtuddes,true
84,Wnacz,false
85,Gkjivtoumosizmk,false
86,Ueijjrwf,true
87,Ltf,false
88,Yrdfgygdllbho,false
89,Gvsbvyqaz,true
90,Hrsdjdmlotnevjt,false
91,Gdj,false
92,Vhdnrebezetpm,false
93,Fcodjucd,true
94,Zkfiilglgwa,true
95,Bfmoatcrp,false
96,Lcowzivajtlwze,false
97,Usfkihmndsu,false
98,Xozaea,false
99,Zod,true
100,Nexwb,true
101,Htnjkmgeum,false
102,Hmhhxoimuas,true
103,Gauxkvplgkpllny,false
104,Mdvriqwr,true
105,Psvjzxxnjxghnl,true
106,Ebuspbpbdl,false
107,Ayrvosxv,true
108,Aejrnyldlxjsqes,false
109,Ukz,false
110,Pyp,true
111,Bhhtqcsydjg,false
112,Amcsnsuqi,true
113,Kauwzcffqre,true
114,Crpgspmljzvraf,false
115,Jmclbfrblnthb,true
116,Hwy,false
117,Xzahparedgbu,false
118,Ygnbuz,true
119,Quyruxto,true
120,Qrpcdjn,false
121,Qrezraqnusacj,false
122,Sgagdzke,false
123,Fjrzfpzeecrpwz,true
124,Oynqyvnzunk,false
125,Mfwdjtjkcyix,true
126,Qel,false
127,Sainroya,false
128,Tubvwsoucnfx,false
129,Fesnsjrgfeb,false
130,Ycdoqryxbrbxi,true
131,Ktycbt,false
132,Ueewils,false
133,Svzytuhgnwgeo,false
134,Xnqa,false
135,Lhnclrxwyjnalkn,true
136,Bwa,false
137,Mnskleqiuvgysee,false
138,Udpaww,true
139,Crjrmwwivz,false
140,Xbqmijteoh,false
141,Fklvpihjk,true
142,Viecrhr,false
143,Dwgnqpyhcoz,false
144,Drugp,true
145,Odublzeztgzbdx,false
146,Wzbyhewyw,true
147,Wsypdvgrl,false
148,Cbogbhiomaogv,true
149,Csbxasfd,false
150,Boaxczqdkouas,true
151,Cbtiazd,false
152,Diidpyyalzlh,true
153,Mdvxpglwzxugkp,true
154,Dlnghhmfwzewjy,false
155,Jogopqpfmcmy,true
156,Qypmgqvpcji,true
157,Wujxyaoa,true
158,Wpcvtkrjn,false
159,Uvl,false
160,Ipplznpllfea,true
161,Qdunyou,true
162,Bbs,true
163,Yivzubbjotw,true
164,Uzkpmxivteroef,true
165,Uemlkgp,true
166,Xnbhxy,true
167,Qyocbhfysmheuse,true
168,Wkgyghtybduuyq,true
169,Qjktfvrxsuqhkg,true
170,Tmhs,false
171,Usibfg,true
172,Buaj,false
173,Dxryc,true
174,Dzrlsdrxjdcbmt,true
175,Deyfohxrmplh,false
176,Wpffhqbdxeykzzf,true
177,Vbokvkhyqxyigj,true
178,Sepzvxetuiobq,false
179,Vvsudtnhj,false
180,Ffiykyai,false
181,Wjbwlkgckrwjj,true
182,Vdiconab,true
183,Wbjriulmwig,true
184,Tbenqtrhnosqpi,true
185,Wyfgfrlakpvn,false
186,Wpjlobtibod,true
187,Ehh,true
188,Tjxakwbtxepejrs,false
189,Cowpauroluxshdq,true
190,Pflzejmtixx,false
191,Ubshzamqfphpy,false
192,Sgkau,false
193,Csnqjll,false
194,Ubnmlr,false
195,Nuggsjlgvgq,false
196,Wrpydmnzzj,false
197,Uza,true
198,Ocz,false
199,Tjhyxcktppbe,false
200,Wpgppjlksob,false
201,Uncsmjypoqcij,true
202,Ceqshynoyflj,false
203,Sltakdxl,true
204,Ylgmibnevkr,false
205,Azvbtfwjs,false
206,Vopmhnrrlwfpdl,true
207,Esvmbxv,false
208,Zajxyqhee,false
209,Qzaasiayqcmrxl,false
210,Bpew,false
211,Xpoy,false
212,Bbxkv,false
213,Orwdiegzmwzvmix,false
214,Xxgpb,true
215,Sfwyelzxtt,true
216,Wdq,false
217,Yfmhrtnbecrtal,false
218,Ugdwlzbvwioltr,true
219,Hszboxc,true
220,Svcql,false
221,Xqfdmqcwh,false
222,Fbkwwnduv,false
223,Vetrhyafub,true
224,Tvrfkphjg,true
225,Lagqfmqgaidtd,false
226,Sczdthvp,false
227,Snqafxlds,true
228,Kfejyno,true
229,Tikykpyfuausx,false
230,Owtxmsn,true
231,Fir,true
232,Fmzhggjcz,false
233,Ygfsbttte,false
234,Grdsdmlaphh,false
235,Lbtunkhewgxisdz,false
236,Lmnmlwjo,false
237,Yeh,false
238,Wmlbxydtpyoqy,true
239,Advr,false
240,Tvsdnaeluzt,true
241,Zdvzymfvvh,true
242,Hhv,false
243,Fgzp,true
244,Fmejund,true
245,Slcutdrgmaoy,true
246,Nplkdmfxgok,false
247,Kuqoutmylap,false
248,Icpuu,false
249,Kit,false
250,Gdrratlagsi,false
251,Mwojdlnrc,false
252,Xhdwru,true
253,Citqwlzqk,false
254,Ygfxvvtglzxrah,false
255,Ssifghv,false
256,Tbsjklnskcvlvk,true
257,Pupa,false
258,Fwzzudwnte,false
259,Dopm,true
260,Asganvl,false
261,Ebpxhetitsfzer,false
262,Chgrqrmifot,false
263,Txzkluby,false
264,Nptjxhj,false
265,Brcwbsixcsp,true
266,Nucag,false
267,Ckkkhkkpxfco,false
268,Cvlosoblm,false
269,Fsg,true
270,Owjmzkjwvogggo,false
271,Wakqlujlvolgal,true
272,Ezjk,false
273,Nsbysjtsfjal,false
274,Zrgtbgqodrtckd,true
275,Vrmqacq,true
276,Rmcztitekq,true
277,Rxctjilaaknnukr,false
278,Rjqov,false
279,Uokz,true
280,Lmmmm,false
281,Juq,true
282,Pfi,false
283,Kyqbpi,true
284,Ppazgq,false
285,Iwn,false
286,Zouvhdcikbleql,false
287,Hasolvfvragxkph,true
288,Thewjbt,true
289,Wduhtwpsxw,true
290,Dldhucxoygbxlhj,false
291,Hgtezpgklzghii,true
292,Qeib,false
293,Whxpwgctm,false
294,Lbzfuorwynbibhi,false
295,Pzsuvu,true
296,Ikwvelmplgq,false
297,Xpegyp,false
298,Rutgtacvhykyp,false
299,Pandjyqxexqcu,true
300,Jyczljxmzquvveo,false
301,Sjjsplm,true
302,Cjjqixgdjjxlqaj,false
303,Mbqflpw,true
304,Htlvmuixlpj,false
305,Yfuevqfyqv,false
306,Htqjbjm,true
307,Fhsbuigyugfcw,true
308,Ohektdnafcex,false
309,Ehq,true
310,Yybrxeslyrcgq,false
311,Wylozjbmbgii,true
312,Aisekzukikouvsk,false
313,Zxuwrffgh,false
314,Zwelwfu,false
315,Gcubf,false
316,Eixutcee,false
317,Srjmloh,false
318,Ktiqltsuwzlt,true
319,Zzfmnkuy,true
320,Dhfncgdwmpkts,false
321,Ablojrpl,true
322,Cpatwofqo,false
323,Qaalncttl,true
324,Nygnnuuqxcyed,true
325,Griknblguoecvm,false
326,Crvdfltkfszj,false
327,Kwuweywgeiyo,false
328,Dffurvvoj,false
329,Vecxoocnwvzzl,false
330,Uqdt,true
331,Bwfhw,true
332,Hwuswcgpzdb,false
333,Umnbekxknx,false
334,Ttpmrldt,true
335,Aaitjrfqwutfkap,false
336,Tivkeyc,false
337,Trxvijpl,true
338,Efcm,false
339,Yjryrb,true
340,Ubls,true
341,Ivzxeemmi,true
342,Gucwcfqmuo,false
343,Fbxlmv,true
344,Msbzqdb,true
345,Funlhtcyhggkqa,false
346,Axa,false
347,Rtzkdewzmtgmvj,true
348,Adetybdznpybop,false
349,Elsmfevuyacqu,true
350,Zeakvxbh,true
351,Tdbp,true
352,Smadcquuwua,false
353,Sovrcixwdxx,false
354,Zqhbjqhhakxczg,true
355,Gwy,true
356,Eiu,true
357,Dapnafhruphqhr,false
358,Ywsthmxny,false
359,Blqxuhliexhw,false
360,Orkxffqg,false
361,Pfzpxomvey,true
362,Hajuwknvrojgkks,false
363,Ehdhydkjbvq,false
364,Fqescdekkbusj,false
365,Axrkzydhkpp,false
366,Ksg,true
367,Wxqyup,false
368,Nruxjm,false
369,Fgljssneiq,true
370,Pywqcjvcvof,false
371,Zjgkanscao,false
372,Rurykr,false
373,Ykulskqmrpw,false
374,Poprcqrgbgplakj,false
375,Jtztgoqkwhoydb,true
376,Uebvgxewjv,true
377,Bzfbcina,false
378,Wcs,true
379,Keu,false
380,Jrirzialqqxyti,true
381,Gprjaumabkrelco,true
382,Fgxhzen,false
383,Zzvicuiatmu,true
384,Qajtvxyotrq,false
385,Eyjziuahtr,true
386,Agxpm,false
387,Urkfrguipagugg,true
388,Xxecvqccjihpglw,true
389,Mwzajgezoqzqklu,true
390,Gtjl,true
391,Qokeanfkx,true
392,Hwo,false
393,Xxkwkqqww,false
394,Fcpnnganjtpn,false
395,Mjwhkruqz,true
396,Oqjwxpndv,false
397,Xeejjdnsqrvkzc,true
398,Igficmdd,true
399,Omkob,true
400,Fpoiaw,true
401,Ozgxwdzvmseikkd,false
402,Ulphrioriwrx,false
403,Zbeemiutqlgfbl,false
404,Vee,false
405,Nhjautbqctiwom,true
406,Yfhabchdboprvb,true
407,Alyr,true
408,Kqzprajogcna,true
409,Bok,false
410,Fsgd,false
411,Wkhqafkvprf,true
412,Gbup,true
413,Octqhdvsviree,false
414,Xikbnjmfcoat,false
415,Qxltqur,false
416,Udstlaywwnmw,true
417,Skii,true
418,Tlg,true
419,Fnviqnfe,false
420,Whxipnqt,false
421,Jupcjxkgxcjebm,true
422,Hnxpqsxvbbbe,true
423,Nqypnbvhlhdt,true
424,Hxneawtuq,false
425,Ang,true
426,Kpgubjpxwteb,false
427,Gstv,true
428,Jksuiuqficxl,true
429,Chewtjhrk,false
430,Mualijnqdkdz,false
431,Wczfa,true
432,Xoiefvmva,false
433,Amfgitsrgiptjit,false
434,Jrfjawrdwzygrw,false
435,Nwaoqpjshe,false
436,Gaqxwwlhoshucb,false
437,Kajczxqgmzw,true
438,Ejkfglodo,false
439,Kloiwbprbujc,false
440,Uxsvuqhubodwm,false
441,Gjw,true
442,Orizwugcycf,true
443,Mtihbyo,false
444,Ikrzptyubd,true
445,Uccaacamrucveg,false
446,Aed,false
447,Hacdhxqpsy,false
448,Qtdyvsmpncvuilt,true
449,Qwrcwuqdbicuozi,false
450,Tqaytqyj,true
451,Fzlebrqh,false
452,Yudqfrvwkluadze,false
453,Fmutsbcyxxms,false
454,Tqsttuxyxui,true
455,Dpjzlxbvicyn,true
456,Uveusw,true
457,Pwkpmhh,false
458,Bfmtwchd,false
459,Rfzk,false
460,Ybbzwlizovzu,false
461,Hyirun,true
462,Rfpff,true
463,Dndcka,false
464,Ptptfiugn,true
465,Rutwhoqa,false
466,Ltvhdf,false
467,Qjdcq,true
468,Pdsgqxfbx,true
469,Ltxnynyzcieanm,false
470,Zec,true
471,Dhxjdjylngd,false
472,Qjjiwfj,true
473,Wlfqzuialrlo,true
474,Kadgdjtawxjw,true
475,Qepwpm,false
476,Knpvngivcfvxq,false
477,Qruemfgzajefgw,true
478,Mylpmpobueooyqo,true
479,Yfmpiq,false
480,Hjbzifeuasajgy,false
481,Ooj,true
482,Kjabqncrmh,true
483,Idzmwrgn,true
484,Eyznexfdxaoi,true
485,Eirlbjfciahvvp,false
486,Zwavax,true
487,Lkblqoxa,true
488,Akvrljc,true
489,Xntqg,true
490,Vtolqilkxgxy,false
491,Rahzowtfrtivf,true
492,Mkgbankbd,false
493,Syhirudclscyj,false
494,Vhpnnudr,true
495,Anieqxkhcpifenr,true
496,Lymtixc,true
497,Hszlxgkwxz,false
498,Brzlvficdtvpro,true
499,Artlztjuebvyeys,false
500,Ntxuvfykgvhpm,true
501,Tokzwuzedkh,true
502,Mgtdpxodpxm,false
503,Sppohvvrgof,false
504,Ggwyxmjoqkpoy,true
505,Zgtbppvmslw,true
506,Ismflcmifnnvo,false
507,Aywyentoaeiu,true
508,Numwmkjy,true
509,Syekklsieq,true
510,Njh,true
511,Kdonvnm,true
512,Wtdgioviiqfj,true
513,Ssjcxmqmkpr,true
514,Vgwaedoodist,false
515,Nyesunkjyxzfi,true
516,Ermfsdkk,false
517,Rrhhpybbammpaf,false
518,Wskcbfpvjfvlz,true
519,Ppradf,true
520,Hqkehhezfkkushu,true
521,Bbzoiwtga,false
522,Syaz,false
523,Osbrkiubj,false
524,Fxake,true
525,Cnx,false
526,Ifflahfogksfi,false
527,Gewnyxbtriaxnof,true
528,Cdlkyrx,true
529,Ultmfzyapzmalqh,false
530,Vqmvctlnihmrmvv,false
531,Uqplrtzlxna,false
532,Fqbkitkieyuo,true
533,Jcbwrnsaffxmob,false
534,Yrfjipse,false
535,Ldcszicw,true
536,Agjterv,true
537,Pngmr,true
538,Uonu,false
539,Fccmsubvyk,true
540,Qmbadvrqoljbj,true
541,Juyotous,false
542,Fifatrp,true
543,Tqnkbzibbr,false
544,Oqlbofptullncoj,false
545,Bxjbtq,true
546,Wlgenohrhduw,true
547,Qfumzsunj,false
548,Wiscqtmhhai,true
549,Izfmsubjsmi,false
550,Qlfdzctcsr,false
551,Qeyv,true
552,Pecylezp,true
553,Nukeqdfiaaz,false
554,Pnnafa,false
555,Ipvasw,false
556,Zvnsaighqtbxpj,false
557,Xopf,false
558,Bxgfolwo,true
559,Ierwslhb,false
560,Qxbjxebzau,true
561,Jjmabyvxqvkvet,true
562,Rixcwdfwz,false
563,Urcbjomuwt,false
564,Tno,false
565,Powyukdc,true
566,Ytzotcn,true
567,Wgjgjoidqdswh,false
568,Ucmoe,true
569,Luesf,true
570,Bfbmqncpylp,true
571,Wptwyqncse,true
572,Mcykkdv,false
573,Rsufynz,true
574,Shxkb,false
575,Wsnn,false
576,Ujnvneqfvzbkrod,true
577,Ktmxkqznzk,false
578,Iayvfvmnk,false
579,Tcdjh,false
580,Aeij,true
581,Nsthlmlmapuqlth,true
582,Jaoijembtoxw,false
583,Ycjejyabvepoo,false
584,Dng,false
585,Tawxontbsufmbx,true
586,Labt,false
587,Rfjnt,false
588,Dfzlleultjuny,false
589,Yzxdrvksrprrl,true
590,Zcbsscfeihewcen,false
591,Njogdurl,false
592,Uidgmn,true
593,Cgumxbcygxve,true
594,Kzwwq,false
595,Ieztfdvazkimo,false
596,Jhntn,false
597,Fdgwxedttlqasg,false
598,Ids,true
599,Jxlsfdkrnjf,true
600,Ytnmbklj,false
601,Venlbuvexixhq,true
602,Eguyanwjugchf,true
603,Rynatcdlhe,false
604,Hvflwkomvhog,false
605,Pasi,false
606,Hxujxtytt,true
607,Ixefvhntgt,false
608,Dzj,true
609,Tyqyehveigstk,false
610,Wkussxunvxvqw,false
611,Jddziqdjmeudepz,false
612,Dcn,true
613,Vrqqlknj,true
614,Wquxfaqqusjce,true
615,Kvglaaixpab,true
616,Hqlxhakpuipnfqo,true
617,Idcm,true
618,Atdkqdektxhqyck,false
619,Imkiydasjxsp,true
620,Xyjngn,true
621,Ozrxkgrud,true
622,Zmekmojlspxbgm,false
623,Zuznwdanvoguv,true
624,Utrdcosgvjt,false
625,Eqywunutpjry,true
626,Nbynveqou,true
627,Xjopvx,false
628,Dabasxfscvk,true
629,Qqhijtetxov,false
630,Tybwjdhvlwqlr,true
631,Spzayrqwkcnbl,true
632,Hhcjx,false
633,Ztqabyxnxqb,false
634,Hewp,false
635,Lowy,false
636,Ljgolcnms,false
637,Dmkasbneru,true
638,Isarsgttmvhknsl,true
639,Lskpaqoqylvfq,false
640,Dntfdejuwqgytu,false
641,Jxuqjzhmktkfxjh,true
642,Zmgmzihzgn,true
643,Xyavevbegh,true
644,Sfobzk,true
645,Qqdwyv,false
646,Lpapqoicauabxq,true
647,Vvoqemfe,true
648,Pvs,true
649,Whcz,false
650,Xfbesab,true
651,Mfycprrpcadarba,true
652,Ldznt,false
653,Clmtl,false
654,Flyawtidb,true
655,Zupwreeklhndcyy,true
656,Tpss,true
657,Zjciba,true
658,Rfiexs,true
659,Ixxgomqszzna,false
660,Mxzuobnbwepom,false
661,Uabowhjkia,true
662,Ezpwkumcsle,true
663,Eandpfmg,false
664,Bzulailewunt,true
665,Djnvrf,false
666,Sflouxn,false
667,Zzxygzbnlgsica,true
668,Kfrtnfbmycer,false
669,Xuz,false
670,Ljctmbmrkkrxl,true
671,Esazu,false
672,Rvwzab,false
673,Wreyshsaykvotp,true
674,Ayraoraqtkjveyv,false
675,Bsvwgmgl,false
676,Nsalzipjym,true
677,Usq,false
678,Ompzpyvws,false
679,Spv,true
680,Dxvfhreds,true
681,Lrfhpwdxckn,false
682,Qlazu,true
683,Ywpsnitgb,true
684,Vmhj,false
685,Degrwxrua,false
686,Tbspewy,true
687,Zefve,false
688,Zhzlvor,true
689,Aeujajbzcczvtr,true
690,Nbtruspdnraww,false
691,Uhs,true
692,Xeiurprunpoi,true
693,Inho,true
694,Wvwhhbaedyf,false
695,Tynlpeqw,true
696,Pnludm,true
697,Nvfjst,true
698,Hhuos,false
699,Jqkeardrogbtc,false
700,Bdiomcm,true
701,Kqlye,false
702,Kjdyeajmzzdrun,true
703,Fozasp,false
704,Sezgijpkmgitsi,true
705,Kewrxokczbaur,false
706,Ekvgzr,false
707,Qqfecwcauukb,true
708,Tlytis,true
709,Fkwumciaano,true
710,Crzowvepcmr,false
711,Zjja,true
712,Ous,false
713,Tsrsytqtehmfku,true
714,Jisjb,false
715,Dbilwc,true
716,Fydfdkcmqywrxbp,true
717,Wphjfkjjthdrevc,true
718,Mtkkioghhzzgss,true
719,Tleiufe,false
720,Pyvjmdjmcf,false
721,Zqbdhdwoougez,true
722,Lhucljleaq,false
723,Hancssccn,true
724,Oglkqx,false
725,Ntatbcxiessrwu,false
726,Wunohd,false
727,Vxgas,true
728,Hizj,true
729,Ngwvjdcta,false
730,Zibhbhuy,true
731,Alpea,true
732,Vywnwvegmo,true
733,Fqwlgnjcl,true
734,Elaatcb,false
735,Netydmx,false
736,Ujvfhdhixl,false
737,Sbjcfvnic,true
738,Sqrda,true
739,Uhifhgletjz,true
740,Jirfqghdw,true
741,Itdgltmdt,false
742,Gpgglf,true
743,Isvaceesp,false
744,Bkrgorwmiwdmmbe,false
745,Kiktaw,true
746,Kfhyieo,true
747,Prpdnggjfxntu,false
748,Fal,false
749,Awj,true
750,Rirf,false
751,Bkivozza,true
752,Zbvifvrlqhdhv,false
753,Ncaxypzfiycqznr,false
754,Mqjis,true
755,Whynfntuuobiifo,true
756,Hieohewtejvskcx,false
757,Xvougfpet,true
758,Micwe,true
759,Rnwzsp,true
760,Wwezwuefkbzoy,false
761,Oftcqbeltzgpe,false
762,Entsa,true
763,Nhmueahxgv,false
764,Zkjbljjaptpz,false
765,Kvmlmmjvqoxlwfn,false
766,Lzs,false
767,Zwijvi,true
768,Ktexsikjjwndc,false
769,Qtyryac,false
770,Lppv,true
771,Yfpvgremtgcezwk,false
772,Cdzeuyaftaoj,false
773,Lfps,false
774,Juto,true
775,Jrujzo,false
776,Nhh,false
777,Ycuvhb,true
778,Ivehcdk,true
779,Gfjuzruzrypd,false
780,Hfzefhbexypzoj,true
781,Ebjoblxv,false
782,Rbutte,false
783,Tjmttghwdt,true
784,Xftknqu,true
785,Neuubyz,false
786,Pnvwvlu,true
787,Tzjglyndvnbctd,true
788,Gsfojf,true
789,Mrkczlyg,true
790,Rvxd,false
791,Gdummjjwghcz,false
792,Ydjusaiezht,false
793,Nwtwfgch,true
794,Nrc,true
795,Dou,true
796,Nokrjgcask,false
797,Xopldwisg,true
798,Rfsivjz,false
799,Smzimcmq,false
800,Abbwltzpvc,true
801,Xoccmilej,false
802,Lzidvkzusq,true
803,Rhtae,true
804,Fxgyif,false
805,Ixoif,true
806,Ipccf,true
807,Bgiuj,true
808,Gpaj,false
809,Cqjpykts,false
810,Onctneogg,true
811,Etdvpa,true
812,Undawvalg,true
813,Fyxmpoljajtj,true
814,Toirhvfouhtj,true
815,Unst,true
816,Yiquwkx,false
817,Pjevwj,true
818,Uqw,false
819,Fqetudwa,false
820,Ichnuzpjk,false
821,Jazslekgk,true
822,Pohwxzwqdrgwdu,true
823,Nyhltgppkqsxgd,false
824,Whwrhn,false
825,Sulntr,false
826,Qro,true
827,Dsfyjdnjxnqycru,false
828,Moaywuhvhj,false
829,Rpupvvqzme,true
830,Uzprarqretkkcom,false
831,Chre,false
832,Fnxditswosdltj,true
833,Qujprqcmb,true
834,Znvihxw,true
835,Xpclympisd,true
836,Svsvfxrcvgfkiy,false
837,Kubcw,true
838,Wsphgegvou,false
839,Xdyvwnubuh,false
840,Gmizrhsj,false
841,Ldoxsdpvsyik,false
842,Fia,false
843,Cnkuwijecx,false
844,Chlwpqqfhwgbvn,false
845,Sivnlauwd,true
846,Tdqugktqed,true
847,Ukumrpeqqgjyeo,true
848,Xxhknw,false
849,Smxvief,false
850,Nkbwovrtbu,true
851,Vlsitih,false
852,Sknuzrfrepa,true
853,Wxh,true
854,Bwmgrp,false
855,Regkoqcjkxjic,true
856,Dyyswqwhg,true
857,Xdh,false
858,Ootntcuquu,true
859,Lfepqqqjymojcm,false
860,Vkxfvyctllgiw,true
861,Xkn,true
862,Aecquohme,true
863,Mzirnodop,true
864,Ubauwzpv,true
865,Voghaolmh,true
866,Kmphbnuumnt,false
867,Bervebtfj,false
868,Ujtvxbnjnjokd,false
869,Nbdbttjiehsbp,false
870,Bxaiprlelj,true
871,Xbrrfaiedvtvt,true
872,Iix,true
873,Vttirxmlapcch,false
874,Ddikbyupzo,false
875,Bvmdgamwaqdzmvd,false
876,Ftkxwexpk,true
877,Vrpgtugmksq,false
878,Kkpmftnfdngefye,true
879,Vrrjcfmqxyqabx,false
880,Ipoutzkajmjr,false
881,Zvzlqdk,false
882,Uvlsmhooghjmrwl,false
883,Ktixnbnjtggq,false
884,Gfriiwyyjryvwnv,true
885,Yhrzg,true
886,Kkdjaan,true
887,Tupqdigqwdit,true
888,Itbw,true
889,Bkzurxsoewsua,true
890,Ypdbcaubalzqqqf,false
891,Rbjxenobckuibyp,true
892,Gkdg,false
893,Wuhl,true
894,Yujyhuhvmnnorn,true
895,Xwstr,false
896,Uswjhrwcvjpbnh,false
897,Rrvbjxlbseskv,false
898,Igcjogqlosphpg,true
899,Lohiqloftuzjbph,true
900,Glmjhd,false
901,Comthxe,true
902,Pdgca,false
903,Itgvtpmuuvg,false
904,Kgkrf,true
905,Tarv,false
906,Xeaym,true
907,Zqwzglvdn,true
908,Lsqgkfm,true
909,Ndgjkaif,false
910,Utdvui,true
911,Ckwdshvqcwd,true
912,Sedsajogpwyv,true
913,Nilwizwfjhko,true
914,Gsrsz,true
915,Akrv,false
916,Cbk,true
917,Ztjpntszxub,true
918,Mei,false
919,Gqjdcfyixlzri,true
920,Hbqla,true
921,Gjge,false
922,Xmvyhmpgmflt,true
923,Bewte,false
924,Xxjapdzruqqjxcp,true
925,Byblgumld,false
926,Rrroedlumf,false
927,Kujoasougi,false
928,Njfopgnyfw,false
929,Lyguxopffjptz,false
930,Hdlkn,false
931,Hicjxlarmjaofie,false
932,Ztbuty,false
933,Jbdxmwfdfk,true
934,Wtxudvtahz,true
935,Qyuwabpyq,false
936,Arnklvstewvcx,false
937,Tgdeysuitbwu,false
938,Rrekhgotrbscb,true
939,Zpwdlcesd,true
940,Jmwync,false
941,Cbttd,true
942,Ckypm,true
943,Xigywyccn,false
944,Npzrqtvxqjzy,false
945,Xfmnihiai,true
946,Nbcbxpztu,false
947,Emzgud,false
948,Qotdsvqitbfh,true
949,Eeqtakjnszjqjz,false
950,Zpkvwubedbhctxf,false
951,Anvmbnwvxz,true
952,Hnjpueyztjtt,false
953,Iwhluf,false
954,Plnahjpua,true
955,Socdmo,false
956,Bhcghxhycoj,true
957,Fgxijtarme,false
958,Xkqxk,true
959,Ijmqgafy,true
960,Ijadjdosqvp,true
961,Unj,false
962,Wkqynwfaexzehns,true
963,Yijndnpzwbnozvt,true
964,Vfomzwrxh,false
965,Lsmotzkhdbpv,false
966,Pudmfhxmfy,false
967,Fzzwnggkmkm,true
968,Lotrddaj,false
969,Lbibjsmi,true
970,Luwicqutu,false
971,Dptkdijailov,false
972,Ogtuwd,false
973,Vrngyo,true
974,Flffqepxkw,false
975,Hmt,false
976,Wnuz,true
977,Hzizwtmy,false
978,Glkmvkicgg,false
979,Axg,false
980,Oxwjkvcj,true
981,Whkbnea,false
982,Uia,false
983,Hqqyg,false
984,Frnsqissnld,true
985,Dhnlaymogzd,false
986,Wqwcubypwgmzv,false
987,Dadpdxayqinu,true
988,Wweqhmvvbhjr,false
989,Rfmownfnj,true
990,Gruil,true
991,Vnvphiugjd,true
992,Kfwgqgwji,true
993,Akfilbxhrquc,true
994,Bvzqscguutuhq,false
995,Knbaupkxdqhqbxf,true
996,Geqomq,false
997,Qfrsamnjjuz,true
998,Afsbnehzsdzue,false
999,Uyuvtfmkyzsas,true
1000,Fxlgv,false
