1,Srkymdvgui,2024-10-03 06:50:28
2,Jvxqhxpvjkqwp,2024-10-28 14:30:58
3,Ebhxizua,2024-10-31 01:28:13
4,Hffybdiepl,2024-10-29 20:35:18
5,Szboxgqr,2024-10-13 13:08:09
6,Hhontzfwcubgano,2024-10-07 23:52:22
7,Rwbbisgn,2024-10-13 05:16:23
8,Cofcecfhy,2024-10-07 07:58:41
9,Scwzelnvpopvtgf,2024-10-04 21:59:45
10,Mqeneoq,2024-10-21 01:07:43
11,Asiiamrfhmqlsv,2024-10-17 15:32:30
12,Ayyoe,2024-10-02 19:00:26
13,Raqmjzxtuff,2024-10-04 16:16:38
14,Imlioxx,2024-10-12 07:20:10
15,Uvjkuvtl,2024-10-02 19:14:52
16,Ipplxseukcsovc,2024-10-12 15:06:06
17,Czhyxrjurblov,2024-10-09 19:15:53
18,Fknyv,2024-10-31 14:12:00
19,Wjyjijav,2024-10-01 15:07:06
20,Hkkcbvwuo,2024-10-11 20:29:04
21,Jjlkoopqxlay,2024-10-18 16:25:18
22,Cgjxbvc,2024-10-02 21:17:18
23,Zumvgp,2024-10-26 19:23:08
24,Tomamlqsvscyi,2024-10-06 14:22:29
25,Jkmwcecdy,2024-10-19 09:43:56
26,Zkdyrlgrinaao,2024-10-29 08:25:52
27,Fyxeonhvm,2024-10-24 05:15:33
28,Rndwoproobki,2024-10-20 06:16:36
29,Aeibraau,2024-10-10 21:40:53
30,Inoczydinsypf,2024-10-08 22:24:31
31,Bacovrljy,2024-10-23 00:07:24
32,Rkfgnfanv,2024-10-08 09:48:50
33,Rzojhipkjmqtv,2024-10-30 07:44:57
34,Dplqkcyytebkqdk,2024-10-13 02:16:38
35,Hyudq,2024-10-24 18:51:35
36,Mmyxsqns,2024-10-26 08:44:39
37,Nkaxhxs,2024-10-01 07:20:44
38,Opnsp,2024-10-30 19:12:04
39,Ewjodstallvfgap,2024-10-17 19:23:36
40,Bjyhs,2024-10-25 18:18:31
41,Dopvhiziybso,2024-10-01 21:25:23
42,Dvirfelfyaxkptc,2024-10-06 20:43:36
43,Dlwesnaaku,2024-10-15 14:11:46
44,Bbxdnkiee,2024-10-30 14:35:23
45,Snbwndcmpok,2024-10-17 09:27:17
46,Uhqbtsstcqdi,2024-10-27 15:08:11
47,Vsljidqe,2024-10-03 01:14:05
48,Ccylcrc,2024-10-17 11:31:21
49,Yhtiynipldxrxrw,2024-10-28 12:39:21
50,Wmldmq,2024-10-03 20:47:46
51,Oibioxdtgzv,2024-10-24 01:36:54
52,Cbndly,2024-10-18 02:19:49
53,Csrlpmvpsnhtw,2024-10-15 07:16:22
54,Szsuekhzu,2024-10-11 04:22:03
55,Hlbfpudm,2024-10-07 22:29:49
56,Obrgxwpuaya,2024-10-29 15:46:46
57,Sjdqhaazqs,2024-10-28 01:06:53
58,Gwbylrdm,2024-10-10 18:50:30
59,Ktbebnza,2024-10-09 21:02:55
60,Vfzphvyskmqfrn,2024-10-24 16:04:26
61,Pqqexwmzsbkw,2024-10-30 07:32:35
62,Rlfctla,2024-10-19 01:18:12
63,Aceupgollwnbsle,2024-10-24 01:05:01
64,Rijafkjfvaxts,2024-10-29 00:12:29
65,Vismhfkbgz,2024-10-22 16:53:00
66,Oytxwixqa,2024-10-29 18:39:20
67,Uwgspimuliqvmhv,2024-10-25 21:40:44
68,Bpcisarqm,2024-10-01 10:39:40
69,Zkhdneywuycnzw,2024-10-11 11:45:39
70,Henre,2024-10-10 17:20:15
71,Iugtduhgttp,2024-10-24 11:20:45
72,Obkgjotfvr,2024-10-01 09:59:53
73,Vvxjjwgxfp,2024-10-09 16:59:03
74,Wsyizmyplfuf,2024-10-26 04:36:15
75,Bcvuljnht,2024-10-25 22:44:07
76,Yrcazjphlwiltth,2024-10-20 10:25:33
77,Vypcqwswiazmn,2024-10-16 17:15:13
78,Kgfnzkaenjdkt,2024-10-18 06:15:11
79,Vwmoxc,2024-10-02 23:38:46
80,Gyzhlzqvnpt,2024-10-01 01:58:28
81,Bideotgdkwfx,2024-10-04 04:11:04
82,Ithsaknithsxhhu,2024-10-04 21:32:08
83,Uulikyfd,2024-10-14 09:33:45
84,Uyfqwey,2024-10-14 05:44:30
85,Anvbn,2024-10-18 07:14:31
86,Ixjopqahjni,2024-10-24 07:49:34
87,Wsdaeilop,2024-10-16 11:46:18
88,Jpfohpoqbcfosst,2024-10-28 05:03:59
89,Kzviiewcbpo,2024-10-18 22:43:35
90,Wnwtat,2024-10-17 00:26:03
91,Ngdqxcszi,2024-10-25 12:59:49
92,Wvdoadudmxlogwz,2024-10-31 12:49:40
93,Kuralx,2024-10-16 05:01:56
94,Dbjxus,2024-10-18 02:57:39
95,Vlcgcrqo,2024-10-14 03:39:01
96,Lisqobmespc,2024-10-13 09:24:51
97,Cofsb,2024-10-17 23:29:15
98,Pygzevsxtvjppy,2024-10-22 11:08:57
99,Vrstzisn,2024-10-21 04:31:00
100,Uhpvtgl,2024-10-26 16:42:27
101,Bmzzsvekxkr,2024-10-19 10:52:46
102,Xtdwb,2024-10-13 16:08:31
103,Ppqge,2024-10-12 22:56:47
104,Qrboetgwmmfyldz,2024-10-26 05:48:46
105,Sbkldqoekr,2024-10-06 20:25:32
106,Vlwlvhrwjrrx,2024-10-15 15:15:02
107,Ozmuwdasoqvhifv,2024-10-18 11:32:47
108,Kfkwkmkbxrjn,2024-10-28 18:52:36
109,Ifcmm,2024-10-09 20:32:09
110,Gjkgn,2024-10-09 17:01:41
111,Qfcvyswqglxfqk,2024-10-28 12:36:50
112,Lgnhtvyclhswyi,2024-10-05 22:44:35
113,Qljmgff,2024-10-05 01:37:00
114,Dixudxknsfa,2024-10-27 20:14:54
115,Puqsbratm,2024-10-07 23:11:47
116,Zcxuxorqppw,2024-10-19 00:37:19
117,Qaggmuq,2024-10-21 19:35:11
118,Szwgkfugcczudh,2024-10-26 17:14:47
119,Ynidfeduuqexqh,2024-10-26 18:10:15
120,Rwbhlzpx,2024-10-01 19:56:22
121,Ygqegfc,2024-10-17 15:03:51
122,Hhblm,2024-10-11 18:19:46
123,Baxlcsexzcczeim,2024-10-08 03:38:53
124,Lvlnw,2024-10-09 12:49:13
125,Rvkmtmmk,2024-10-20 14:20:28
126,Xqysksozmyy,2024-10-03 11:56:09
127,Jxfpbvfqeaokuvs,2024-10-20 21:21:25
128,Nwpnwutk,2024-10-04 03:45:49
129,Iqfsommzsg,2024-10-29 05:06:01
130,Lxjjgfwbwbz,2024-10-30 17:51:05
131,Tltdumsz,2024-10-07 17:23:41
132,Olomxmssgfauhf,2024-10-24 06:03:29
133,Cbgesbqhkel,2024-10-28 01:02:29
134,Ghcyunvaulk,2024-10-01 01:58:57
135,Aewhxgrtvlhbpn,2024-10-29 16:37:01
136,Vwarm,2024-10-30 12:07:32
137,Yetgnpxkhv,2024-10-27 08:22:26
138,Jpdbhtndy,2024-10-04 01:03:55
139,Tulidgagbg,2024-10-03 17:11:46
140,Namocrwxyx,2024-10-17 06:16:45
141,Uceoivinsgifsc,2024-10-17 18:19:00
142,Qivms,2024-10-08 19:14:25
143,Crawnxjnrbajfc,2024-10-05 09:59:44
144,Njojmrqgf,2024-10-23 12:16:37
145,Ojsjzau,2024-10-22 22:17:06
146,Nnufrskgqgkqpg,2024-10-17 20:06:35
147,Qfrcowgznem,2024-10-28 02:03:35
148,Pgkuxqdmx,2024-10-27 02:11:46
149,Tfmgfsxiytutcp,2024-10-16 01:47:07
150,Qjzma,2024-10-19 14:59:21
151,Paldahruefduii,2024-10-23 10:54:13
152,Kcrkzv,2024-10-23 10:04:28
153,Xczrarbrxtba,2024-10-10 05:46:19
154,Fonkeagsymgxqyq,2024-10-12 08:16:02
155,Epexg,2024-10-01 17:57:31
156,Geemsbcvll,2024-10-06 08:50:34
157,Gsrqxtjuzutq,2024-10-28 21:14:50
158,Ludjn,2024-10-03 20:15:06
159,Ivpxgfh,2024-10-05 10:26:44
160,Iwsrbm,2024-10-31 08:12:40
161,Gegswf,2024-10-04 14:08:09
162,Tjtqsz,2024-10-26 10:03:54
163,Xztiropcoiqzkmb,2024-10-27 12:48:43
164,Wrigeakqidpvhkq,2024-10-23 23:09:16
165,Jmecxpnid,2024-10-22 04:24:39
166,Nawcjaalqrmhn,2024-10-31 21:30:07
167,Afmkirsckxa,2024-10-26 09:46:22
168,Nzsli,2024-10-24 01:08:31
169,Pkolexowicqy,2024-10-16 23:16:15
170,Ghoghsw,2024-10-17 14:31:25
171,Ohqscck,2024-10-07 01:37:34
172,Jzudkgk,2024-10-25 20:10:54
173,Wxrndmfmoaextn,2024-10-18 22:27:48
174,Ooqubj,2024-10-27 16:12:49
175,Pytmaswuuiglmqa,2024-10-21 02:16:39
176,Smpwtofd,2024-10-24 09:43:54
177,Cmbslqovturpe,2024-10-17 17:38:18
178,Rdxquutbhbcm,2024-10-16 20:59:22
179,Imyxphhyvayc,2024-10-21 16:54:44
180,Waoer,2024-10-20 12:33:16
181,Mfwoownkhsqsvoi,2024-10-16 19:00:38
182,Ksoxdfz,2024-10-13 02:44:37
183,Cdilkuglryl,2024-10-17 00:06:14
184,Ixgvetudtlmxrp,2024-10-14 10:08:51
185,Njzjoweqw,2024-10-29 03:11:05
186,Qwkbqmbk,2024-10-29 00:25:22
187,Kojoesjbjqpytfn,2024-10-17 16:11:14
188,Trzdomnlalzjg,2024-10-23 02:10:40
189,Ewjcwlvqh,2024-10-25 00:50:17
190,Xhkkyvjjygbqvn,2024-10-11 21:04:43
191,Fopstfmyf,2024-10-04 20:48:59
192,Igfrjqae,2024-10-19 03:04:21
193,Pzavk,2024-10-31 23:29:30
194,Imzoekmimctzzu,2024-10-09 09:36:33
195,Uacncxz,2024-10-11 05:39:14
196,Hqselz,2024-10-11 03:51:40
197,Btomnlldmtm,2024-10-17 09:39:48
198,Fhclitki,2024-10-09 10:19:51
199,Xzljmuqzmyeikhk,2024-10-01 09:42:03
200,Wbaayxbdjnyu,2024-10-25 16:04:16
201,Zmmzuxhqqnjz,2024-10-31 09:15:17
202,Ivgggdg,2024-10-03 22:57:33
203,Dtwdddlnddz,2024-10-24 03:14:01
204,Wvpgucudyxxg,2024-10-25 04:04:36
205,Eubzvictmzhg,2024-10-01 12:00:49
206,Cjvapongjgt,2024-10-09 04:59:50
207,Aqwyn,2024-10-04 03:46:11
208,Xbskhtfzurdsue,2024-10-19 04:01:56
209,Tpghoyaspkqib,2024-10-31 06:57:43
210,Yfdgivigsucjt,2024-10-11 20:10:19
211,Jmxagbwby,2024-10-23 04:36:34
212,Rzfdnpl,2024-10-23 07:53:10
213,Lrutjgzgha,2024-10-05 11:20:00
214,Tnileclotoym,2024-10-14 02:18:42
215,Rcskq,2024-10-15 13:21:31
216,Psxrgigluij,2024-10-20 10:32:00
217,Zcetcirudlambvo,2024-10-02 07:22:06
218,Hsudo,2024-10-07 16:05:18
219,Xmybtzascxtkllk,2024-10-11 06:14:34
220,Sfiplob,2024-10-26 20:20:47
221,Oewhdqnmgqoek,2024-10-17 23:28:26
222,Pqckecrqivbq,2024-10-26 20:51:55
223,Tyawyndqxturrbm,2024-10-21 21:24:11
224,Zwxdkgmjcftuziy,2024-10-15 13:57:10
225,Aklxhsndyfks,2024-10-08 16:35:50
226,Vscxsmb,2024-10-24 01:14:30
227,Dxcpgmvpbnf,2024-10-04 12:03:52
228,Eofckfdahtdhlb,2024-10-25 19:09:04
229,Wdqngt,2024-10-04 02:44:09
230,Mjzujaiy,2024-10-07 07:27:59
231,Mxdmpqwpsqacrdy,2024-10-05 18:21:50
232,Svzrdmiarfxs,2024-10-05 00:36:32
233,Zxxrydpxmovfchc,2024-10-28 06:26:39
234,Fvwyueexmql,2024-10-18 02:54:58
235,Jddagi,2024-10-14 19:40:58
236,Srrsbgecvdh,2024-10-02 06:37:58
237,Tdhecx,2024-10-08 14:56:47
238,Rjxcfvtjtnv,2024-10-08 17:22:38
239,Hqslxyvnilfasa,2024-10-09 15:55:36
240,Rfyxjpqds,2024-10-31 11:18:19
241,Hzkql,2024-10-09 19:26:44
242,Ykfywnojf,2024-10-23 21:29:13
243,Qvimtqndgyaaw,2024-10-13 21:41:37
244,Encttwcfxwua,2024-10-04 14:32:06
245,Gcvdmahzljzr,2024-10-28 23:50:16
246,Azfvfze,2024-10-05 04:43:17
247,Nmcqcrjp,2024-10-27 17:33:28
248,Fuxeh,2024-10-03 23:45:36
249,Ssrvwowh,2024-10-14 06:18:10
250,Huptowvtdcqi,2024-10-23 08:08:45
251,Mghbkspgqddego,2024-10-13 01:24:11
252,Sqnexfjb,2024-10-12 02:18:10
253,Fczzpdtrntipwsh,2024-10-07 01:09:37
254,Jpjnawzonqvmqwt,2024-10-23 21:24:01
255,Xbjvc,2024-10-27 15:02:32
256,Crgsi,2024-10-06 16:44:50
257,Iocdkeospue,2024-10-07 05:46:38
258,Szcraykekhnn,2024-10-26 17:59:54
259,Icqvvmrkvihybt,2024-10-25 03:58:49
260,Ifpvic,2024-10-05 01:30:15
261,Rvirjwtahgfj,2024-10-19 17:15:54
262,Hdhoycehoo,2024-10-05 08:48:12
263,Wewfjohgdfbscv,2024-10-27 02:01:53
264,Dtzqqwuystqhfcq,2024-10-28 14:31:03
265,Rdzfxlvplqrm,2024-10-28 10:59:19
266,Hglsch,2024-10-06 11:37:11
267,Sflpjsiz,2024-10-10 18:41:15
268,Yhvpkjthkw,2024-10-15 02:57:39
269,Etmvaegomgphvk,2024-10-21 23:25:27
270,Cvroueb,2024-10-06 08:32:53
271,Gpylb,2024-10-08 07:09:13
272,Topmjdczocvdoy,2024-10-16 18:35:50
273,Uumtxbmlnriusu,2024-10-10 17:57:33
274,Ygjemydqetfmnph,2024-10-07 03:43:10
275,Dssvxsn,2024-10-18 18:43:33
276,Uaciqgm,2024-10-02 22:02:04
277,Mcitpgmuhucmoa,2024-10-29 23:43:44
278,Dmdlmebgjsine,2024-10-21 18:11:59
279,Omrcklgz,2024-10-29 09:18:09
280,Jxwtm,2024-10-12 21:05:31
281,Sbzzksbdeaclhj,2024-10-23 20:57:40
282,Sgcgtjgo,2024-10-27 17:15:33
283,Tbvarcdnw,2024-10-30 11:41:53
284,Xilbe,2024-10-09 07:36:52
285,Ayasvxklp,2024-10-15 11:59:34
286,Zhcmaxu,2024-10-29 06:11:41
287,Yuukryippccn,2024-10-30 03:58:05
288,Jnnpnklka,2024-10-06 12:39:50
289,Yhokz,2024-10-27 11:33:09
290,Ilfficfhmau,2024-10-28 17:45:27
291,Zrqvwyhm,2024-10-18 15:11:14
292,Onsynnwf,2024-10-04 01:48:37
293,Kxyqkyzqcbvpkne,2024-10-31 17:52:02
294,Iashcmkzvtz,2024-10-14 09:38:50
295,Vfzog,2024-10-16 12:26:21
296,Uuuubkskelpss,2024-10-08 15:07:47
297,Hyfancaxubbthyh,2024-10-27 03:08:17
298,Dkrrgycj,2024-10-04 05:27:47
299,Ichbqadhrolql,2024-10-01 02:34:29
300,Qzqnxgggldzcgor,2024-10-21 02:02:05
301,Lbvxmxclv,2024-10-19 16:23:11
302,Rgmcjtq,2024-10-28 19:28:29
303,Zvsshz,2024-10-03 19:50:07
304,Kpmovqkugke,2024-10-30 20:07:33
305,Xyehfomwfvmj,2024-10-25 01:08:43
306,Fforinvwd,2024-10-08 07:14:04
307,Becsl,2024-10-26 12:27:59
308,Hxammtpbhxcgans,2024-10-01 01:08:26
309,Ofekhpcbuyf,2024-10-28 23:26:11
310,Qhcziqrqyp,2024-10-01 23:40:39
311,Tnjriymdvthxyn,2024-10-05 03:58:08
312,Wzowait,2024-10-20 02:34:02
313,Ydknp,2024-10-30 14:34:32
314,Lcotiinuhi,2024-10-01 09:20:09
315,Cjmmdfiu,2024-10-12 22:48:56
316,Nqvwywh,2024-10-29 23:27:02
317,Cvqmwls,2024-10-01 04:25:48
318,Vkdpy,2024-10-27 14:53:53
319,Tvgoyvijoxc,2024-10-20 12:31:12
320,Rjlwb,2024-10-15 12:20:39
321,Pdtqsw,2024-10-09 22:48:17
322,Qrilrgmtkos,2024-10-08 00:13:05
323,Nsjnpkazwheb,2024-10-26 07:59:27
324,Hpoifrngazf,2024-10-31 18:21:50
325,Bpnstbvpxnke,2024-10-09 19:32:06
326,Xrluiypycowcmjz,2024-10-17 23:44:22
327,Qkolwzflfvv,2024-10-16 14:25:12
328,Uagbwhahtoq,2024-10-24 20:31:26
329,Okteaszaclzoe,2024-10-08 06:47:56
330,Ughdcwe,2024-10-11 16:59:25
331,Vucgsgdtfaxzt,2024-10-28 02:32:32
332,Topnxxjattns,2024-10-07 23:40:56
333,Vkqfvuolxq,2024-10-14 18:32:03
334,Kgjmtq,2024-10-12 03:57:17
335,Epppbm,2024-10-28 01:58:22
336,Gyeoebmcfwuellp,2024-10-05 00:13:31
337,Whfpvdoi,2024-10-23 05:23:07
338,Pbmudyvauw,2024-10-12 11:31:09
339,Uqseetyy,2024-10-19 23:09:43
340,Xuntg,2024-10-13 21:54:57
341,Shjyjknes,2024-10-18 21:50:46
342,Waaplui,2024-10-27 13:38:58
343,Pswrz,2024-10-22 17:41:54
344,Acyyawcskn,2024-10-07 18:29:18
345,Rjtibztzf,2024-10-04 22:02:32
346,Hnmwahlyuqsex,2024-10-06 15:44:08
347,Jyfglerngchalq,2024-10-24 00:38:10
348,Vhcsyvppslf,2024-10-03 11:13:04
349,Hucvpidf,2024-10-08 21:04:06
350,Pqlry,2024-10-19 15:42:46
351,Qsororcflupymua,2024-10-12 10:43:12
352,Jawjdrsydvfnw,2024-10-17 20:42:19
353,Nxrndgs,2024-10-19 06:22:45
354,Embodjafdwgoc,2024-10-16 20:49:56
355,Umhtqghdms,2024-10-06 17:12:38
356,Cafuu,2024-10-04 19:31:48
357,Kqvgckxmhhfew,2024-10-06 11:56:57
358,Kfcqvbimgpz,2024-10-09 13:36:01
359,Eaxegzyowtrv,2024-10-18 12:34:48
360,Ycppekbv,2024-10-16 16:20:35
361,Vksdain,2024-10-12 07:54:10
362,Zvnsofvafwyz,2024-10-17 03:44:51
363,Gloqwtv,2024-10-17 06:56:03
364,Eoxhzpytt,2024-10-02 07:15:49
365,Cdgjrdso,2024-10-29 17:22:34
366,Dssmlmczhswn,2024-10-26 14:57:00
367,Srnip,2024-10-28 18:50:01
368,Wnwmpam,2024-10-25 14:17:11
369,Qpwzpinm,2024-10-06 03:46:56
370,Twuhvuklroed,2024-10-10 19:58:41
371,Lrjsmntj,2024-10-10 02:11:09
372,Hsqcryszcrgmvv,2024-10-12 16:12:56
373,Vrjbcngzfhi,2024-10-27 07:51:53
374,Nqbyklnive,2024-10-29 12:44:18
375,Qdlbgcxpvpcng,2024-10-17 22:05:12
376,Jvnnufthgkxavk,2024-10-28 05:49:35
377,Tfahps,2024-10-15 21:32:44
378,Stfrgmf,2024-10-20 02:53:21
379,Cjejqixytsk,2024-10-09 12:59:51
380,Yqhdixvnqn,2024-10-12 10:54:11
381,Mkzdgzjsn,2024-10-21 16:56:24
382,Fhvme,2024-10-20 08:53:52
383,Tcghyk,2024-10-23 18:06:13
384,Xioided,2024-10-14 12:56:35
385,Rbqtrryle,2024-10-09 09:27:13
386,Duswmbxt,2024-10-20 03:03:33
387,Sjnxkaokxjvar,2024-10-15 00:15:36
388,Dvfyruvbn,2024-10-01 22:52:51
389,Uddaoooo,2024-10-26 02:43:41
390,Jptbwpcp,2024-10-21 16:42:44
391,Gpmhhfknuob,2024-10-28 13:41:46
392,Njqocedshvau,2024-10-07 13:19:56
393,Gceruxrasoz,2024-10-18 06:32:31
394,Ttvaehgu,2024-10-19 19:03:35
395,Cjhvlms,2024-10-03 19:29:17
396,Isuemxgps,2024-10-15 05:53:36
397,Zkjgovgz,2024-10-26 20:17:07
398,Epnhe,2024-10-07 22:38:09
399,Dcjawrmm,2024-10-24 15:48:02
400,Cnxbxseph,2024-10-18 05:56:39
401,Tsagkupdasjx,2024-10-05 07:18:11
402,Xanzsklcdgcrx,2024-10-09 07:39:13
403,Omvnazjadt,2024-10-29 02:33:44
404,Mvnum,2024-10-29 08:07:58
405,Xlesewnmyrvqgq,2024-10-02 21:48:53
406,Cngzqm,2024-10-07 15:30:13
407,Ydeliwcp,2024-10-08 12:24:54
408,Cljbgkvbpxbk,2024-10-12 19:36:04
409,Esbufzuvzamfklw,2024-10-02 21:41:54
410,Fesbrdn,2024-10-08 17:18:45
411,Xdnauxildefteqp,2024-10-24 16:24:07
412,Msvxfos,2024-10-02 11:31:59
413,Onamupcsvjgdw,2024-10-19 15:31:50
414,Fuzxnmjax,2024-10-06 16:10:08
415,Chpunomsblaig,2024-10-28 06:14:16
416,Wtzzfwsvfi,2024-10-06 16:32:10
417,Ffmdjantkppnhbc,2024-10-09 08:38:23
418,Luhfdh,2024-10-06 02:04:24
419,Okvhxoctpbrp,2024-10-07 10:33:55
420,Oxoqrfdvsugo,2024-10-02 15:44:11
421,Tlebey,2024-10-08 21:32:51
422,Eicdrnk,2024-10-13 09:19:28
423,Xxpzwkfggqxlpmu,2024-10-19 14:48:45
424,Ifpeofvalzvnew,2024-10-31 00:23:38
425,Agyzzenx,2024-10-05 10:10:57
426,Opipgmuwlq,2024-10-26 08:02:08
427,Newdsog,2024-10-16 07:30:27
428,Nekozx,2024-10-29 21:00:08
429,Uvlbsbzgxgs,2024-10-22 04:27:30
430,Kgjovde,2024-10-19 06:49:34
431,Dqmmo,2024-10-09 03:11:50
432,Ucemretnjq,2024-10-03 19:13:00
433,Omizsozbzx,2024-10-31 13:11:40
434,Axpmpeeqmbire,2024-10-17 12:40:36
435,Wbadodea,2024-10-31 11:52:06
436,Ojvqmwddjleddor,2024-10-08 07:50:32
437,Ozrcjln,2024-10-28 17:21:08
438,Lhgkauuranwgypw,2024-10-20 11:44:17
439,Hjizvhkqarqooq,2024-10-01 17:45:06
440,Ykolmvewviogidf,2024-10-28 16:00:11
441,Luybcyfxm,2024-10-18 14:13:32
442,Wmslgzxmdmieypb,2024-10-04 06:53:52
443,Lqgdbc,2024-10-29 06:23:09
444,Obiupbwzqij,2024-10-06 09:59:15
445,Phfsaligu,2024-10-24 01:15:31
446,Jcwicq,2024-10-06 15:25:22
447,Zcngwsvsnsaxb,2024-10-14 07:38:13
448,Mcbmtc,2024-10-02 15:17:49
449,Vmphdhkwvjq,2024-10-06 19:11:14
450,Pamlghismmucdn,2024-10-22 10:51:58
451,Hpgmndijv,2024-10-16 00:21:24
452,Tdsgyyhdl,2024-10-01 19:41:02
453,Fxjbuljex,2024-10-31 21:41:13
454,Ummpwdcahsmkyde,2024-10-14 22:50:16
455,Zhwkk,2024-10-26 23:14:08
456,Skutjeex,2024-10-31 20:18:18
457,Qntfccwzqyx,2024-10-07 00:51:55
458,Fpzbwqisah,2024-10-17 13:13:01
459,Eltdr,2024-10-13 07:52:56
460,Nwpmauknjqoo,2024-10-20 18:41:21
461,Fguhoko,2024-10-13 12:32:45
462,Zzvtqnglnbp,2024-10-26 12:57:25
463,Yjjzhltgdtd,2024-10-15 19:03:27
464,Xkdfit,2024-10-20 00:03:37
465,Jteziepl,2024-10-25 18:39:18
466,Slochcfaqvu,2024-10-08 02:24:58
467,Dorrnqd,2024-10-21 19:44:02
468,Jzjrclykpirwcp,2024-10-04 22:55:16
469,Cfwnkdfekm,2024-10-01 20:45:27
470,Pskwpn,2024-10-19 14:18:06
471,Uqkfwparh,2024-10-27 16:13:20
472,Lwgpcdxvxxyabx,2024-10-28 15:26:18
473,Ngbgzobqw,2024-10-29 02:29:18
474,Uwwchgd,2024-10-28 17:47:29
475,Nypkddvtsahyy,2024-10-13 13:24:48
476,Uvvxgwajczgw,2024-10-09 10:19:08
477,Liqnmgmh,2024-10-15 10:39:46
478,Rjvynmbuhpypr,2024-10-28 04:05:24
479,Qlzbfsngkylos,2024-10-04 22:51:30
480,Ewajzmjuqzpgzk,2024-10-29 04:07:31
481,Obegcrukb,2024-10-05 15:42:00
482,Ifpuzoggbggrg,2024-10-26 08:21:24
483,Kvjfkkau,2024-10-12 02:21:54
484,Owfzzkourqsga,2024-10-20 16:23:31
485,Winrfampfyvozau,2024-10-04 20:07:12
486,Gocauutvopzp,2024-10-18 07:32:24
487,Ohpcwjppdglnolg,2024-10-25 02:22:03
488,Ggxfnxyg,2024-10-11 16:53:35
489,Ludmvw,2024-10-09 18:46:46
490,Qeppwigf,2024-10-20 15:18:38
491,Wubhrneg,2024-10-28 09:21:25
492,Irdfypzh,2024-10-15 13:43:30
493,Poihzmf,2024-10-01 12:32:54
494,Jeuwfkwysteku,2024-10-19 12:05:13
495,Reniybkiqmkbzz,2024-10-27 02:53:05
496,Zxlee,2024-10-22 12:24:33
497,Nnqkdxmjmnfqki,2024-10-20 03:50:42
498,Dwgbtcbjx,2024-10-24 04:57:24
499,Nigmyqn,2024-10-10 11:31:35
500,Smcyjwlgu,2024-10-02 11:07:16
501,Vcjvsruzuqs,2024-10-02 11:19:40
502,Lbjwegi,2024-10-20 03:22:52
503,Ylvdrgm,2024-10-21 18:31:03
504,Uvmwjpdk,2024-10-24 02:56:50
505,Duhdwlxydq,2024-10-25 18:22:39
506,Aeqqntojypajlru,2024-10-28 17:48:41
507,Umqbljbjabkt,2024-10-14 17:27:22
508,Gsbbz,2024-10-13 03:33:12
509,Pkypnn,2024-10-27 04:24:33
510,Pbsoiiamvqtd,2024-10-15 12:34:24
511,Trtcexcsui,2024-10-08 10:34:46
512,Ivnbatwornjl,2024-10-29 06:08:31
513,Vpxhatcojc,2024-10-09 05:23:03
514,Tzogycm,2024-10-22 04:35:49
515,Dwhufxjesurvt,2024-10-28 19:41:16
516,Sdsfvzps,2024-10-07 06:48:06
517,Tyhbr,2024-10-31 18:46:43
518,Ztmsu,2024-10-15 09:42:38
519,Yyxxfjqkxgo,2024-10-03 10:38:47
520,Qylemmniizomh,2024-10-09 17:11:29
521,Bkgdnfoo,2024-10-06 22:23:53
522,Syrxctxvnfpgo,2024-10-09 03:55:05
523,Cdzxwuzaltepbe,2024-10-11 16:48:36
524,Kdqvwjamsbjpzq,2024-10-24 18:00:14
525,Vzynecbwbykbtl,2024-10-03 23:24:21
526,Touohpc,2024-10-07 18:44:24
527,Adnbks,2024-10-29 11:00:19
528,Zedehghi,2024-10-27 14:36:36
529,Kdjpcckrfk,2024-10-04 13:07:35
530,Ldttxnt,2024-10-09 16:54:18
531,Jrwigxmaarctkrg,2024-10-10 13:22:43
532,Eafvbgezpugtgpu,2024-10-20 20:12:10
533,Gixkrzwwqhvet,2024-10-08 09:38:03
534,Vvjijyiztmar,2024-10-08 13:00:10
535,Nxjslvy,2024-10-25 17:18:09
536,Bqebgtcjxgpyf,2024-10-07 13:45:04
537,Bkbeysdyhpr,2024-10-03 21:18:42
538,Tiwkzvldvfmncn,2024-10-02 19:03:20
539,Inqhjxczdubfzr,2024-10-14 23:18:41
540,Niilcfpgudn,2024-10-29 10:07:51
541,Nmjpqurmioratz,2024-10-24 09:57:02
542,Dlrzpsqyd,2024-10-18 12:11:08
543,Cbrbbbbcvy,2024-10-11 22:47:23
544,Jlvdowdlp,2024-10-16 13:06:57
545,Gjcykfkodjtwes,2024-10-24 01:08:40
546,Wmtwys,2024-10-09 18:26:41
547,Jxgiupddyxqcnms,2024-10-15 08:13:23
548,Kwabz,2024-10-11 06:23:45
549,Duxvegciwwq,2024-10-02 02:59:56
550,Rdjfyqhvuwbbj,2024-10-23 10:36:02
551,Xjcewzecm,2024-10-10 13:58:22
552,Vvdvgmv,2024-10-14 10:59:47
553,Dpync,2024-10-04 23:01:38
554,Glwobvony,2024-10-14 10:38:26
555,Wkedmayqc,2024-10-11 00:11:43
556,Ijhkzkk,2024-10-30 12:11:50
557,Pvoghxoaloojnyj,2024-10-27 04:47:15
558,Hffozzbehj,2024-10-12 16:41:52
559,Quncvzmrjf,2024-10-06 07:16:54
560,Eypnjzbyhlfxzo,2024-10-01 20:00:53
561,Coozcev,2024-10-12 14:23:38
562,Spkcimkrfjooue,2024-10-23 11:35:54
563,Sribdaawxnkk,2024-10-04 19:01:17
564,Mumnd,2024-10-22 15:47:34
565,Krqeplfhwnwu,2024-10-16 03:32:41
566,Tfzmoe,2024-10-20 10:14:38
567,Pbhgn,2024-10-17 15:38:29
568,Vutpbcmykh,2024-10-06 17:56:14
569,Ckfhqm,2024-10-21 08:09:12
570,Tcaojpljxiksr,2024-10-20 05:01:56
571,Mvzlfln,2024-10-30 11:04:16
572,Vtyzifqunnyirki,2024-10-13 20:39:53
573,Ddyvhpjod,2024-10-29 17:29:28
574,Idzacmawwxm,2024-10-02 00:21:02
575,Cdedsjeslgkhvp,2024-10-05 22:24:55
576,Aduggzimygpiryk,2024-10-05 18:02:41
577,Afmmymlgwlb,2024-10-10 06:18:16
578,Suugudzdqar,2024-10-12 02:40:22
579,Jtmmrmeffjdbaw,2024-10-24 18:50:32
580,Whueqktmcmukmx,2024-10-22 17:18:50
581,Cptzczxgp,2024-10-20 23:14:44
582,Tvrphzkfa,2024-10-06 16:30:33
583,Pygfoffnl,2024-10-31 00:09:22
584,Kfgjvxcljlzok,2024-10-04 18:55:13
585,Vxpesxmdnj,2024-10-17 02:13:09
586,Xlgnywrzk,2024-10-04 15:18:33
587,Cfqcjazmjzp,2024-10-01 21:16:22
588,Cdeasobudyj,2024-10-10 14:50:32
589,Nmymefcsx,2024-10-30 16:29:37
590,Dbfcfw,2024-10-12 08:46:52
591,Kldtlbkfinp,2024-10-02 19:52:15
592,Pfmlx,2024-10-15 17:56:48
593,Ajryzbroj,2024-10-21 04:06:04
594,Sgxqfchbcmom,2024-10-18 17:38:05
595,Awkdo,2024-10-15 08:44:45
596,Upnxhjs,2024-10-05 02:57:12
597,Hhtwjzglhvqxgkr,2024-10-17 01:57:18
598,Kkrxr,2024-10-03 04:56:32
599,Abedxcinwm,2024-10-20 04:06:51
600,Yzvifq,2024-10-30 08:19:22
601,Qgagzcnweehm,2024-10-13 12:04:52
602,Wpnnjfszjgyfhai,2024-10-29 11:40:04
603,Ejdbwxpsmkdf,2024-10-10 18:13:58
604,Mtuzov,2024-10-14 11:33:38
605,Jjeaguvsugfanan,2024-10-26 18:27:57
606,Czjmr,2024-10-03 10:37:20
607,Mcqnrxwyhwis,2024-10-04 06:29:28
608,Kwprvmtqnzxmhz,2024-10-01 21:47:15
609,Cdzgbchmboigni,2024-10-12 14:24:18
610,Egzfp,2024-10-08 13:48:09
611,Anzdnuxwojqytpm,2024-10-09 23:41:04
612,Uebuqhdbguoepz,2024-10-25 13:50:10
613,Exrannexrhngao,2024-10-05 01:00:15
614,Bxbopmpgbwmx,2024-10-28 17:31:15
615,Grbhk,2024-10-24 21:36:51
616,Krrryw,2024-10-18 16:11:01
617,Xujae,2024-10-02 06:56:50
618,Ljtseexaixw,2024-10-16 22:23:04
619,Eznzje,2024-10-10 07:10:34
620,Xxwcas,2024-10-29 00:01:23
621,Matolw,2024-10-19 10:56:06
622,Zwwbhsrag,2024-10-15 06:16:19
623,Hnfbhaidsvsoka,2024-10-05 02:54:21
624,Esvlszknteonog,2024-10-19 12:34:04
625,Wjewgmixw,2024-10-23 19:14:40
626,Rwegyvxl,2024-10-02 04:58:36
627,Mjjmcplqyiljne,2024-10-07 00:49:58
628,Sbhiwhyoiajyc,2024-10-27 19:56:14
629,Hqpyfrqbzmnnkeh,2024-10-20 07:15:27
630,Utpci,2024-10-21 19:30:40
631,Cvjhrt,2024-10-16 03:44:31
632,Bkdctbl,2024-10-29 15:44:52
633,Ilwxdvhsnzqojg,2024-10-13 20:44:29
634,Eefwpgy,2024-10-03 14:53:15
635,Lcpzdanpgjnfu,2024-10-21 13:23:41
636,Jsyauplqxdqoa,2024-10-23 13:58:51
637,Czdvpdbjrg,2024-10-23 10:38:48
638,Gixnbpah,2024-10-18 15:28:12
639,Bhapagbwlc,2024-10-09 09:22:01
640,Nxqpah,2024-10-17 05:53:56
641,Dunkt,2024-10-19 14:50:23
642,Rvyoxdgj,2024-10-10 15:48:25
643,Sbgpcotbphpeuu,2024-10-15 04:17:19
644,Qqzguzniqdw,2024-10-19 19:01:37
645,Vznnwgef,2024-10-30 07:12:59
646,Cllrcbmnlielhvt,2024-10-08 03:17:59
647,Gyiisvlkutx,2024-10-28 23:42:49
648,Hbespmulxybfyc,2024-10-12 18:07:52
649,Uacbkeblxhkrbt,2024-10-23 16:37:50
650,Yagjnhak,2024-10-29 23:58:43
651,Jnapxppyftbz,2024-10-20 19:05:39
652,Xtzuk,2024-10-23 07:43:49
653,Gudyzfdjvu,2024-10-28 04:10:58
654,Hhiikbuxojblf,2024-10-26 22:40:42
655,Axrnwmhivnm,2024-10-30 19:24:50
656,Hkzvqs,2024-10-08 09:52:39
657,Lixgfhwwrzkluct,2024-10-03 19:07:48
658,Iaorzdkb,2024-10-16 00:37:27
659,Nrvcvchzbi,2024-10-12 21:39:13
660,Bwavfnskzspf,2024-10-14 08:00:33
661,Yomjqmjfms,2024-10-16 07:01:25
662,Ifzdndgdlqpwxaf,2024-10-29 03:30:37
663,Ciwjhpvx,2024-10-25 11:36:35
664,Qlrvlopiopjhmb,2024-10-12 03:46:13
665,Xbkijzwqggsses,2024-10-16 04:35:33
666,Ksykjkvsbsoqvuq,2024-10-02 10:23:26
667,Eebqacbglmde,2024-10-16 05:22:49
668,Kbjsvjrrosrk,2024-10-12 00:39:00
669,Tjsnzorty,2024-10-10 04:03:29
670,Qudrwwts,2024-10-31 19:27:36
671,Kvyfu,2024-10-31 19:42:52
672,Zjalhqufee,2024-10-28 18:23:00
673,Pykkfnmseentv,2024-10-29 17:25:49
674,Cjiegdojoyyr,2024-10-29 09:47:06
675,Kpwkb,2024-10-20 13:41:37
676,Oqbskjunwgjfjm,2024-10-10 04:28:56
677,Nddqsx,2024-10-16 05:54:10
678,Vifechox,2024-10-15 13:47:58
679,Xhbogmlnsl,2024-10-24 21:25:04
680,Ixsjovuf,2024-10-04 22:33:16
681,Tizipxt,2024-10-14 12:59:57
682,Vvfuttqrlcbjn,2024-10-02 18:28:07
683,Vwkizfv,2024-10-08 22:02:32
684,Fekrytvsoa,2024-10-10 23:03:19
685,Vvofl,2024-10-18 06:19:05
686,Bybki,2024-10-11 02:06:49
687,Jajwnah,2024-10-29 09:49:10
688,Bckylijzrlxud,2024-10-23 07:36:21
689,Dbcicthwuikzlhf,2024-10-18 01:09:58
690,Xyjgoxzpks,2024-10-07 18:13:25
691,Gceowpbijljf,2024-10-25 23:24:05
692,Topiv,2024-10-26 18:40:53
693,Khlatqmqzhzybf,2024-10-05 01:06:47
694,Xqtwsnpkloqzamz,2024-10-02 23:20:45
695,Iqnviu,2024-10-20 05:30:15
696,Wapfvae,2024-10-18 18:08:07
697,Wdhvtrmulomaq,2024-10-01 23:29:03
698,Ilynxmxzc,2024-10-12 09:58:56
699,Qkmcrnrarzyk,2024-10-06 14:15:38
700,Ltsfwim,2024-10-21 00:19:13
701,Lbjgjpv,2024-10-23 10:10:17
702,Vpfmngmwqata,2024-10-19 12:44:22
703,Ocvkjzg,2024-10-09 16:20:52
704,Pppthciq,2024-10-05 16:38:37
705,Lztgrybfwfd,2024-10-03 06:30:19
706,Bvjahq,2024-10-29 09:18:06
707,Mgdputnaqgumf,2024-10-08 07:04:59
708,Vzwth,2024-10-10 21:26:55
709,Pisjksxiopskjfa,2024-10-23 03:13:39
710,Earoiy,2024-10-06 22:33:46
711,Fzvpeyu,2024-10-11 16:33:20
712,Bkzjpmx,2024-10-06 15:25:10
713,Hmyjqv,2024-10-30 08:16:52
714,Ugsywpal,2024-10-16 01:38:59
715,Ygvcy,2024-10-15 01:04:01
716,Xkhrlddygvv,2024-10-24 21:57:13
717,Rxdhribdzr,2024-10-23 16:20:43
718,Phpqrjwhampjt,2024-10-01 07:32:31
719,Tgambi,2024-10-12 15:02:06
720,Zgmljp,2024-10-12 19:04:40
721,Lmuyumao,2024-10-21 03:02:11
722,Hszuwtgakug,2024-10-22 17:07:25
723,Ewtvqlzfcvgtil,2024-10-11 16:28:59
724,Nzyxnsehdrdo,2024-10-13 06:38:58
725,Pzcatwzt,2024-10-09 09:45:26
726,Nthysgncxc,2024-10-16 10:13:27
727,Wdreq,2024-10-24 20:17:47
728,Edkvl,2024-10-29 19:24:40
729,Yuybg,2024-10-19 07:23:44
730,Ntbbfomlzfhhdnn,2024-10-06 20:17:34
731,Akzyvskv,2024-10-23 04:46:12
732,Vfrkwbhjmtwa,2024-10-04 01:32:37
733,Cuerhfodzu,2024-10-09 19:23:30
734,Uoujaoefeesvm,2024-10-01 10:37:05
735,Zfombiizfvnvog,2024-10-13 01:05:22
736,Gsgwyo,2024-10-25 12:46:36
737,Cceqmtggvye,2024-10-26 18:07:15
738,Cwrwzbwdmmedq,2024-10-19 15:25:20
739,Rbpgjbbimiwd,2024-10-25 17:15:07
740,Iznxaptwrvzkj,2024-10-31 20:33:20
741,Qnwubeshnkdtaa,2024-10-14 09:21:46
742,Guxluwnf,2024-10-19 07:16:15
743,Tgxfjhwo,2024-10-30 10:26:21
744,Fgiqx,2024-10-01 08:28:59
745,Qiplrqlamhwn,2024-10-03 15:25:28
746,Htwtpfgew,2024-10-21 18:03:05
747,Robdmbsbwotdgm,2024-10-07 21:20:26
748,Drrkletzkakpd,2024-10-30 16:33:34
749,Xgdcxxg,2024-10-22 14:04:17
750,Ludcwbnnigg,2024-10-02 23:14:07
751,Plgulmnxww,2024-10-02 21:09:59
752,Bfhzlqttsdwnlkk,2024-10-18 12:02:37
753,Cyhiwnord,2024-10-30 09:43:39
754,Renacssebq,2024-10-19 15:45:41
755,Cljnpcqup,2024-10-11 05:39:07
756,Xxtfolftxqi,2024-10-26 14:50:03
757,Egropblkwxhmohp,2024-10-19 10:08:53
758,Vwccpa,2024-10-02 15:16:46
759,Wauqiltb,2024-10-03 00:01:17
760,Cupmgsxwmiqz,2024-10-13 16:05:44
761,Mtiozxexsoy,2024-10-23 12:55:04
762,Ncbje,2024-10-21 01:20:58
763,Ctuqwb,2024-10-09 07:50:30
764,Zoqpay,2024-10-01 10:17:36
765,Xzlgkstttfvosp,2024-10-10 17:29:29
766,Rvqjtqal,2024-10-17 07:37:57
767,Hdtmxgnmgefz,2024-10-04 22:07:19
768,Fceos,2024-10-25 10:47:29
769,Xjkkyoqqlze,2024-10-29 12:20:47
770,Bpzicaxv,2024-10-12 04:46:55
771,Cdpszdsxwtviyab,2024-10-24 11:05:55
772,Ygcomguuhaqktll,2024-10-19 17:03:15
773,Wfgainkxbp,2024-10-06 09:42:13
774,Heilsdjggdx,2024-10-25 07:39:58
775,Fyiahsfjmczj,2024-10-02 03:26:07
776,Oiyrxwljizce,2024-10-14 06:47:20
777,Gmmcoxrxluten,2024-10-27 21:39:34
778,Zgnqswyedjy,2024-10-03 08:11:47
779,Cwjkbqcfzu,2024-10-18 05:44:25
780,Vwqebzq,2024-10-13 03:26:06
781,Lbphjrzkrim,2024-10-23 02:00:52
782,Pszttusk,2024-10-09 01:32:23
783,Lrtcklo,2024-10-19 10:51:45
784,Evzjo,2024-10-30 06:56:42
785,Mhqplurha,2024-10-25 10:57:27
786,Kppbwsla,2024-10-13 04:36:55
787,Fglejrngginbxka,2024-10-17 17:42:10
788,Ilqtxrbnqbweku,2024-10-28 19:57:28
789,Mlgkv,2024-10-09 17:18:01
790,Nhrhfptgo,2024-10-04 01:58:28
791,Ztnthtxpmszh,2024-10-03 06:44:43
792,Yqprk,2024-10-03 04:51:19
793,Eqnec,2024-10-23 05:34:18
794,Bomhwwlwjcuwmpa,2024-10-23 23:40:52
795,Jlqphwzqdxycln,2024-10-15 21:19:56
796,Awpjktuyy,2024-10-20 21:32:01
797,Rgjwwvtmnmgxbbz,2024-10-07 04:58:29
798,Xdbudelemhii,2024-10-13 15:53:24
799,Psqvwgaog,2024-10-24 13:47:50
800,Iwsmouvzmmtr,2024-10-24 11:08:37
801,Jbdjkqzip,2024-10-21 06:56:14
802,Jogyytlefbugicr,2024-10-03 01:09:02
803,Tdqfjudw,2024-10-31 17:22:32
804,Qhmlkv,2024-10-07 18:03:25
805,Oyagupiqx,2024-10-16 11:47:53
806,Bexmxe,2024-10-04 09:43:43
807,Ygyfofvzd,2024-10-07 09:11:56
808,Jvbuld,2024-10-05 22:56:49
809,Fhitayskugtthb,2024-10-25 16:16:14
810,Wsvwoumeaoikmai,2024-10-21 07:40:27
811,Dshntlbookvue,2024-10-01 20:11:16
812,Dvyrobvencov,2024-10-22 07:11:40
813,Nsumoutwfoun,2024-10-27 00:00:13
814,Cfrzulsamaj,2024-10-01 15:27:40
815,Bgzrkpzwzb,2024-10-28 03:49:08
816,Qcollakqvhbd,2024-10-19 01:38:07
817,Ppcqwolwjwa,2024-10-09 02:57:31
818,Bgdowmpiqgrlsg,2024-10-03 06:47:19
819,Gmsbfs,2024-10-10 02:04:23
820,Dnivaud,2024-10-26 18:50:21
821,Oyrfk,2024-10-18 07:56:48
822,Excafimwppn,2024-10-15 09:41:01
823,Pfqarzilmws,2024-10-05 10:45:23
824,Eusdotdcyria,2024-10-21 21:34:19
825,Lhssu,2024-10-05 02:16:15
826,Dxxnwsb,2024-10-04 02:23:13
827,Zjmvtzhjln,2024-10-16 13:06:35
828,Fpifanxaw,2024-10-13 01:07:47
829,Ajjhv,2024-10-03 04:33:52
830,Gmvasmkcktnnfvv,2024-10-01 06:43:39
831,Lnyeobpn,2024-10-30 11:58:48
832,Iggtjicryomtm,2024-10-31 15:26:28
833,Meyhaqiplzzivxk,2024-10-19 08:16:08
834,Sxhxewutggve,2024-10-02 20:28:03
835,Bqviwiquj,2024-10-13 19:44:21
836,Smdxls,2024-10-08 03:06:30
837,Nzmqdj,2024-10-19 18:23:38
838,Adbdwbs,2024-10-16 09:21:45
839,Fbrmw,2024-10-23 20:32:27
840,Mebfqfnobzllboq,2024-10-16 13:14:48
841,Moqkg,2024-10-18 04:28:51
842,Vvpja,2024-10-04 15:28:57
843,Nxcbnhcco,2024-10-08 10:19:08
844,Eczeq,2024-10-17 04:56:32
845,Ypeermgkspliczf,2024-10-11 05:44:42
846,Gngsbymwzhtgd,2024-10-24 11:10:51
847,Lnmfsurpgifiu,2024-10-11 00:56:36
848,Ywklhhybmhmzc,2024-10-15 06:43:48
849,Xejpptmto,2024-10-17 13:28:01
850,Lxcluemedeina,2024-10-10 17:05:01
851,Vcgdk,2024-10-03 23:57:38
852,Rksxxydritsctjt,2024-10-30 15:21:15
853,Mqhna,2024-10-15 03:31:50
854,Lyecnashklwyryj,2024-10-21 02:46:36
855,Ghtowxz,2024-10-14 00:14:12
856,Cjewuoaec,2024-10-18 10:38:33
857,Lqgusxp,2024-10-26 16:19:04
858,Bojneauywuyytjn,2024-10-30 07:46:53
859,Basmwykzq,2024-10-05 07:49:53
860,Hvyezebheunki,2024-10-19 01:36:34
861,Ujmao,2024-10-20 16:23:38
862,Ebvewqpfusbz,2024-10-18 12:53:27
863,Chjktpkoibgq,2024-10-17 21:15:37
864,Uicgcd,2024-10-05 22:38:32
865,Hxtfeixwahbcg,2024-10-02 22:58:39
866,Bmsoij,2024-10-16 21:12:13
867,Kbcys,2024-10-07 11:26:48
868,Oddllewd,2024-10-15 19:38:43
869,Batpthzyxg,2024-10-26 18:43:13
870,Nlbyzmzxo,2024-10-10 17:29:55
871,Byevrwsszondg,2024-10-20 15:53:45
872,Yoiaaaxsj,2024-10-09 10:36:09
873,Hgltbpdbbp,2024-10-15 01:34:10
874,Nagxcqrp,2024-10-01 14:08:23
875,Lcwmyosqhcut,2024-10-18 22:29:26
876,Jtvklibrcz,2024-10-03 11:34:58
877,Rgtjmphmx,2024-10-15 23:05:48
878,Kdhrlxunppm,2024-10-25 01:28:04
879,Rwfehdzpbxw,2024-10-08 05:02:06
880,Ymqqhm,2024-10-03 20:52:29
881,Jbvpznh,2024-10-18 15:34:37
882,Zaigjixtsg,2024-10-25 18:40:37
883,Olvwxxnxfcobya,2024-10-03 09:06:11
884,Vwhgmhov,2024-10-20 15:10:55
885,Fezrdaeiktkpsml,2024-10-20 23:19:34
886,Hoahal,2024-10-15 12:43:02
887,Zptocxr,2024-10-19 20:39:35
888,Hhktt,2024-10-10 00:16:48
889,Zdhpqzpy,2024-10-11 00:50:55
890,Kjlaghtsanznjsv,2024-10-21 04:38:21
891,Wewitexjzyjozie,2024-10-15 20:25:56
892,Vfapolwuuep,2024-10-11 10:39:33
893,Doekrqwfclb,2024-10-21 18:23:28
894,Yplwd,2024-10-15 16:59:54
895,Ahhtxu,2024-10-01 12:19:16
896,Jyfasdypim,2024-10-10 06:13:59
897,Ikrtgrznjiuafw,2024-10-06 21:03:23
898,Zmtcvssrxdwvl,2024-10-23 21:56:48
899,Aptphe,2024-10-13 10:15:07
900,Tlfteehsul,2024-10-24 16:59:53
901,Xhmrrjvq,2024-10-12 05:34:54
902,Gwcbdb,2024-10-31 14:20:48
903,Ontprbhnfnlm,2024-10-27 15:06:13
904,Tteqxcby,2024-10-23 20:35:10
905,Hfjkgqmmggiowm,2024-10-22 22:36:26
906,Nmpysby,2024-10-04 03:47:30
907,Jefsklixvrdogom,2024-10-20 01:26:49
908,Yrckaqxhdww,2024-10-08 01:48:37
909,Xcglhyxdntphpgh,2024-10-03 09:18:56
910,Ltble,2024-10-26 02:06:17
911,Cmedwryef,2024-10-07 11:32:02
912,Syzmvra,2024-10-20 20:05:18
913,Jwsoefkajlnthy,2024-10-16 16:47:15
914,Alhvktxhcibosq,2024-10-25 05:06:21
915,Joaxcmcmgevy,2024-10-17 17:48:11
916,Uvlssqevnvhjw,2024-10-07 10:36:45
917,Byyilttdb,2024-10-04 01:31:26
918,Xodpqcl,2024-10-05 22:38:08
919,Ojhrfeuntkts,2024-10-26 16:32:43
920,Hijtqkyxw,2024-10-07 16:24:40
921,Ujthuzntdog,2024-10-18 19:23:08
922,Bjfqbpghtolx,2024-10-19 09:31:01
923,Cxveelpphij,2024-10-13 05:58:04
924,Szzyeipi,2024-10-23 08:27:55
925,Nlnrwaho,2024-10-26 10:15:52
926,Tbvwlirshh,2024-10-10 08:04:35
927,Zhxqgzeyatjtqx,2024-10-09 15:12:44
928,Oqtuucpepckaede,2024-10-30 12:28:28
929,Ecwrsdrphupx,2024-10-28 14:22:07
930,Tfvvak,2024-10-16 02:31:03
931,Uemsajrc,2024-10-08 01:57:38
932,Awtrwe,2024-10-24 22:04:58
933,Hniyolafooa,2024-10-23 04:11:50
934,Rngbfwjo,2024-10-11 04:02:14
935,Dmmzqveoryhjeq,2024-10-11 18:23:01
936,Trpxzz,2024-10-02 16:33:15
937,Sfkdcuuioakyi,2024-10-05 10:38:35
938,Txunbajlzilr,2024-10-30 12:46:14
939,Lcbxnp,2024-10-31 05:20:35
940,Fpwcnjcaadvq,2024-10-04 14:05:55
941,Wgwuoo,2024-10-02 17:47:50
942,Hocdtfkkgbd,2024-10-04 06:55:12
943,Wuzgz,2024-10-25 03:07:12
944,Ucyija,2024-10-11 00:42:56
945,Qbankv,2024-10-07 14:21:35
946,Whipfyv,2024-10-20 08:53:00
947,Euwxhjb,2024-10-08 12:50:18
948,Zuyjx,2024-10-01 22:02:20
949,Izpttttjixg,2024-10-04 06:09:16
950,Xfajcc,2024-10-18 08:57:21
951,Gtoagsiafx,2024-10-27 10:09:33
952,Vjqxavkpkw,2024-10-10 12:51:04
953,Ethkeyoey,2024-10-26 11:45:24
954,Nsgep,2024-10-27 23:10:01
955,Nddmrmweyf,2024-10-23 11:42:37
956,Imuca,2024-10-24 18:54:14
957,Klutyspntmmfgr,2024-10-18 08:25:32
958,Dqdppefaave,2024-10-17 19:29:22
959,Umnvxkfptuh,2024-10-01 23:43:26
960,Coecbu,2024-10-09 12:57:20
961,Qdvqzqkdwd,2024-10-04 23:32:21
962,Qisjrw,2024-10-01 08:09:46
963,Iesmaipatetd,2024-10-18 15:54:08
964,Nbedvrilvpizacw,2024-10-11 07:38:05
965,Nxfirfeensani,2024-10-20 15:08:55
966,Eaysafapiwzt,2024-10-10 05:54:53
967,Urnogcxqm,2024-10-25 05:04:31
968,Kmzgmkrvui,2024-10-31 12:23:55
969,Gnekucbyrnu,2024-10-26 19:46:01
970,Giecanizoutwff,2024-10-03 05:26:50
971,Wmwprpowhmwjt,2024-10-06 19:35:00
972,Aiwpnrwjhfzdwy,2024-10-03 16:05:29
973,Achgyxpfdye,2024-10-07 07:07:10
974,Jltnenvtxp,2024-10-27 12:00:11
975,Gyxgbud,2024-10-18 19:44:59
976,Jpoumehalnfhrb,2024-10-15 22:36:43
977,Uiczsbmnrwh,2024-10-17 22:47:40
978,Iukcqpjzmkmtxvy,2024-10-28 15:56:29
979,Zswbtcmadwrsme,2024-10-29 04:13:42
980,Fjofm,2024-10-31 09:08:22
981,Nnjapmvffbo,2024-10-22 05:26:06
982,Vyuwsgnzl,2024-10-06 23:20:26
983,Xdmqirjtjcrafvy,2024-10-24 04:26:54
984,Tkpzmmqtqbkafyv,2024-10-24 23:52:07
985,Aspjfmojofoagc,2024-10-04 15:15:22
986,Larrjvytsol,2024-10-09 10:49:48
987,Jdyjdvpvrgak,2024-10-13 12:28:29
988,Dyuhkevlldjy,2024-10-31 07:35:01
989,Daiwubgc,2024-10-03 11:11:45
990,Ygkknak,2024-10-17 07:55:26
991,Cpdfrqmchn,2024-10-09 18:33:59
992,Uhnsdmaurgrr,2024-10-02 10:56:14
993,Lhzxkiljxfqd,2024-10-14 07:39:24
994,Ysmlqbfaisl,2024-10-15 15:09:49
995,Vtkkixprtrnix,2024-10-17 14:54:27
996,Bnrdhrvinnsij,2024-10-02 00:26:47
997,Ddangvssjs,2024-10-19 03:25:08
998,Ihatoh,2024-10-17 21:52:50
999,Llyqslxqi,2024-10-09 17:46:40
1000,Wtcwaiakyrro,2024-10-11 11:35:33
