1,Plphiwrtlzdoz,51,France
2,Emjilqtwbfwhpxh,52,USA
3,Wuef,14,Japan
4,Bwopavgbrlzdtr,53,Germany
5,Nkwvqjs,21,Australia
6,Mzsidmwd,59,South Africa
7,Eouft,32,Nigeria
8,Pfjpsfvrrd,39,Brazil
9,Rjyewftdo,26,France
10,Xjya,30,Australia
11,Oxdo,18,Japan
12,Quzfnl,52,India
13,Pknwppi,35,South Africa
14,Aelrjkmbgl,14,Nigeria
15,Oyniydifjbfqdit,19,India
16,Sxkdn,38,Nigeria
17,Pjttiweckju,37,Brazil
18,Yertjxmat,16,Japan
19,Iswoigunl,27,Japan
20,Jlnjeokhhrmw,51,South Africa
21,Fwjbj,14,Japan
22,Nshwyhz,49,Nigeria
23,Xnbowylfvcjnav,35,Australia
24,Stksqv,35,Japan
25,Jnutfczzu,49,India
26,Uoxo,60,Canada
27,Cgbnjo,51,Germany
28,Cidpupy,53,Nigeria
29,Mgdwahicevyxfeu,29,Japan
30,Rkzbkywf,58,Japan
31,Oxuhv,15,Nigeria
32,Qbutddem,52,India
33,Fopuympqou,41,France
34,Kpnqvizyr,14,Germany
35,Rtvpzlihfm,34,Germany
36,Xfilktycl,44,South Africa
37,Pzkrjbkgcab,35,Brazil
38,Aecupbxthm,54,Brazil
39,Rsslsked,21,France
40,Hlfcwgqmjjdztx,33,India
41,Hdeklavqufnken,59,Germany
42,Zgqgmygwkzx,26,Brazil
43,Pnnotniksrlxp,50,France
44,Jvzqhbygcguef,37,Brazil
45,Phlz,28,Japan
46,Pikmtr,33,India
47,Psftwncep,32,Australia
48,Qmfgonhxchx,43,South Africa
49,Ujzujtkbsiwffd,23,Australia
50,Fyhwbzipoo,60,France
51,Bjbirrnldatswdy,20,France
52,Hvrrxurzkfhw,33,Australia
53,Uww,48,India
54,Twaheh,24,USA
55,Fqpnsawi,56,USA
56,Ikc,53,Germany
57,Otbkigedvbasvtx,55,Nigeria
58,Xjmawukx,22,France
59,Vlw,32,USA
60,Vcykwsrgutozpow,60,Canada
61,Pfkvexrzu,29,India
62,Jbkborcwxxzh,49,USA
63,Vnlzauwhykmej,19,Nigeria
64,Orqez,19,France
65,Ickd,42,Canada
66,Qsddg,22,Australia
67,Gbewdiadagzzx,28,South Africa
68,Fvnhufa,55,South Africa
69,Txrkej,21,Germany
70,Joabket,27,Japan
71,Azvbxowjw,53,Australia
72,Ekzkmcut,45,India
73,Bkluruukdxhexo,26,USA
74,Ytevhicnqgnqy,26,USA
75,Jjceihzwrbdhcm,29,Japan
76,Pznbx,19,USA
77,Pywjkutmun,19,Japan
78,Tswbqlyqbm,56,Canada
79,Mtvkwfnkoqfs,49,Canada
80,Nvjysclen,58,Germany
81,Xyj,15,Canada
82,Krcaaqvmgtebawf,44,Nigeria
83,Vmdtrnicvc,29,Nigeria
84,Cnshsarhn,36,Canada
85,Ergenzq,44,Japan
86,Fltyvbjvdeazdna,46,France
87,Zfgcyimyce,28,Canada
88,Ruqaqlpapba,36,Germany
89,Lbqovpovq,23,India
90,Setsyuedjyjewn,38,Brazil
91,Cqglc,32,Germany
92,Ajikgfnzulgka,23,Canada
93,Sriuioqlb,20,India
94,Nphbqquxqtq,32,South Africa
95,Tvsdzcv,46,Australia
96,Etioeowhfjr,46,Australia
97,Clju,38,Japan
98,Ovphmvsbjajvihi,52,Nigeria
99,Uoxkbps,56,Canada
100,Ujklpivt,31,Germany
101,Dmkehbfcjakry,25,USA
102,Pplxqnewjewxlw,59,USA
103,Ewgokonvxnyd,22,India
104,Coiael,19,France
105,Llmxccnikbtdg,37,Japan
106,Tczh,40,Brazil
107,Kwsqcurldtxac,47,India
108,Bsxpgfjvgmnvzf,15,France
109,Hhccext,59,India
110,Rryfueuimej,17,India
111,Ywh,48,Nigeria
112,Glwxf,29,Canada
113,Qson,56,Brazil
114,Zzyhbndiedznhy,36,South Africa
115,Ffdcmxjovxjg,32,India
116,Hul,25,South Africa
117,Kmin,49,Australia
118,Nehfjfta,33,Brazil
119,Jvr,42,Germany
120,Zmoshqcqgql,31,France
121,Bwpzfuujcq,37,Nigeria
122,Vosrv,14,India
123,Rqym,19,Germany
124,Gfedifyflmcqivh,53,Germany
125,Thch,52,South Africa
126,Bvjtaetegpz,39,Germany
127,Oebjglssipnaieu,55,Australia
128,Poqffmlssu,14,Germany
129,Wkisl,43,Australia
130,Vyysddsygtpjt,57,Brazil
131,Rrbubtfrh,52,France
132,Cwsd,42,USA
133,Dxgp,26,Japan
134,Pvupjderg,23,France
135,Ntokdo,20,Brazil
136,Atj,47,Australia
137,Itwjzaixo,23,Germany
138,Oitsksust,44,Brazil
139,Rljvbk,56,South Africa
140,Wzulisjqrunfl,39,France
141,Ceoufwms,50,India
142,Utufvvwnf,50,South Africa
143,Lzgqqahnth,38,Nigeria
144,Tqgplv,29,Brazil
145,Hbuhbtyxo,25,Germany
146,Adg,14,France
147,Lgvjmjppt,18,South Africa
148,Aqgryi,49,Brazil
149,Ovgnqxhqvqtzk,43,South Africa
150,Tehppzidencqbzc,33,USA
151,Yafdlelrciussd,52,Germany
152,Qto,48,Canada
153,Tmcypohrmc,29,Australia
154,Edfbihwbt,49,Germany
155,Dhfstuhogctzboc,24,USA
156,Ixwkzkpiayvcpo,48,France
157,Ucr,41,Brazil
158,Ssuaquy,39,Japan
159,Qypc,41,South Africa
160,Evgjudmutlzcqj,41,Canada
161,Zus,59,USA
162,Hvgvjuok,38,India
163,Ycrd,42,Nigeria
164,Yzogxayvvagr,60,India
165,Qiftoqnrwqdptk,29,Australia
166,Zmpbkshmz,42,Germany
167,Qvev,38,Japan
168,Vhplant,15,Canada
169,Vxzmo,47,India
170,Qixfhyeqentoola,60,Australia
171,Xnbqopwhuxmv,40,South Africa
172,Yezjaarutr,41,Nigeria
173,Vmkunpbhac,60,USA
174,Spsjew,42,Germany
175,Fkxm,16,USA
176,Hcxmabsssbsi,51,South Africa
177,Dlfo,21,Japan
178,Hwghmrrr,41,Australia
179,Svvjfpyiixy,47,Brazil
180,Arpinwevnp,50,South Africa
181,Makrhvwt,14,Australia
182,Ospfdjm,59,Brazil
183,Trs,53,Brazil
184,Jtyftqyaxhtx,25,South Africa
185,Bsangs,28,Germany
186,Ihifu,42,France
187,Qqwffqxxwk,54,India
188,Pdsgdqdzprb,60,Japan
189,Wtprfihxvlfv,26,India
190,Zajkrwj,51,USA
191,Uecqqgwztobwmqj,40,France
192,Ijxf,46,USA
193,Pxlvdabmk,23,South Africa
194,Gdrjvuuttzjljbg,55,Germany
195,Ambbealuahtte,34,India
196,Xqfzgdaz,48,Australia
197,Arkhmnkjsbngbzo,23,USA
198,Vvbk,59,India
199,Tyxqjllmilty,26,Nigeria
200,Fowtruhftqlsfcm,36,Japan
201,Iabk,48,Brazil
202,Bawowu,53,Australia
203,Gnrrdidbqqamoxp,42,South Africa
204,Ljncepfyncbxzm,47,South Africa
205,Suljfejurmjaocj,34,Japan
206,Ggyxlytxdv,27,Brazil
207,Puck,54,Australia
208,Nwbtxliwttjm,21,France
209,Fhp,16,Japan
210,Zvmsb,45,France
211,Xrmoitt,59,Nigeria
212,Sgqpnuaayberm,45,USA
213,Jplicbynrtrtmn,27,Nigeria
214,Ibfvsybtkaw,18,Australia
215,Kicaif,46,USA
216,Ironzusscsvk,20,Nigeria
217,Cafxlixdxzmuyaa,44,Japan
218,Lfjrsdkaxan,22,Nigeria
219,Ghbe,25,Germany
220,Fqog,38,Japan
221,Pgftqif,42,Japan
222,Pbgtwbjtkzdma,19,Germany
223,Jigpluykia,29,Germany
224,Llcmo,25,USA
225,Wjm,25,Japan
226,Ytwznvxuvxjkze,26,India
227,Nepkcpllskt,19,Japan
228,Mytrj,44,USA
229,Bdmffbhwufezkh,21,Brazil
230,Jlkauoxskhy,19,Australia
231,Czl,50,Germany
232,Svfcxz,58,Australia
233,Nybbkvhemdi,52,USA
234,Ulxxar,52,India
235,Rhyeuxegqbgtr,52,Australia
236,Bgqsmlh,54,Japan
237,Jqcvlbnrewe,20,Germany
238,Cexyhbv,15,Canada
239,Flqueksjtc,59,Germany
240,Qhdxgckzbo,35,South Africa
241,Ovdb,43,Brazil
242,Mzffwjah,49,USA
243,Agarwpfyxnytlw,49,Germany
244,Tqdng,57,Japan
245,Belzfjsv,22,Australia
246,Apdgoew,37,Nigeria
247,Gviavr,29,Canada
248,Fjjlojy,16,France
249,Aqri,19,India
250,Gntxefuwwgpsk,35,Japan
251,Iemmo,26,Germany
252,Onmkzx,23,Nigeria
253,Hfqu,18,Canada
254,Qanfxwyizwuekg,45,Nigeria
255,Wkvktdrqy,18,Japan
256,Ugcgqz,53,South Africa
257,Lgacabfwqcbfe,45,USA
258,Kujtjcuvwhtcwof,41,India
259,Bqvvrklaclbs,26,USA
260,Mwwzkzvphvzm,17,USA
261,Tnmoseoffx,17,Nigeria
262,Ukbj,41,South Africa
263,Rlrmkjdvvez,48,France
264,Cgljt,34,India
265,Vpyupnjpxh,50,USA
266,Bgiwihtdb,42,Japan
267,Hgkmrrqrbah,34,Nigeria
268,Alxy,23,Australia
269,Korcckuhekke,58,Canada
270,Shhi,17,South Africa
271,Hwmjjkwwrejqtai,48,USA
272,Esjmhnnavppb,45,Brazil
273,Htzmowea,47,Canada
274,Idbsxueyusspuf,57,Brazil
275,Zswetchqjsyg,52,South Africa
276,Oboiz,40,Japan
277,Trikv,57,Brazil
278,Ksviafzstqe,58,Canada
279,Ddddvlmmquuccl,23,France
280,Uwrdhk,52,Canada
281,Rjwhs,55,Australia
282,Nxcr,35,Australia
283,Kymveznvl,39,Germany
284,Ybq,60,Australia
285,Aszdlkwkrwn,43,Brazil
286,Qzpk,21,Brazil
287,Prpnbrs,34,France
288,Mskezvgsraukyix,59,Australia
289,Wlo,31,South Africa
290,Schdpl,17,Brazil
291,Rdntnqhsyxnzk,24,Japan
292,Xoybpkq,17,France
293,Uevn,24,India
294,Lpbbsayjb,50,USA
295,Eefqxdtchpxm,55,Germany
296,Sczozsiopznsi,38,France
297,Xhvvlyonrmozk,41,USA
298,Wse,22,USA
299,Zdvlipyt,38,Australia
300,Mqusujnmib,50,USA
301,Javgd,33,Canada
302,Eoombjvz,35,Japan
303,Wcutwvtxfgk,40,South Africa
304,Edhj,47,Australia
305,Kjaanhtigyejdty,47,Germany
306,Grlvvfowpdof,44,South Africa
307,Uypuoqexscgfluf,32,USA
308,Btjvjfxixa,53,Nigeria
309,Ygtzzdnxqhku,16,Germany
310,Pmgktuugskjdn,44,India
311,Kulafojxkmyv,25,Brazil
312,Erjz,55,India
313,Psmojbqeyoimqg,17,Japan
314,Nfepxad,20,India
315,Cnyknyfdxl,46,India
316,Amfian,24,Germany
317,Hlzzxoprxxjk,34,India
318,Frg,29,Germany
319,Tfjp,14,Australia
320,Nvmapjdv,31,Japan
321,Cofi,54,Canada
322,Aqhgtdfjqo,48,Brazil
323,Nhlqqafrtt,37,Nigeria
324,Dqtzmersltwpbx,17,Australia
325,Nkmp,53,India
326,Ezezcdr,14,Brazil
327,Tavnja,37,Australia
328,Qotvatzlhmpeogq,24,Japan
329,Yank,28,Nigeria
330,Moxorgalydhuga,43,South Africa
331,Jwfhjul,19,France
332,Zox,55,Brazil
333,Moiyyuegrwuoqkt,30,Australia
334,Deznltfhumjyqw,51,Canada
335,Ednrhpdcvdfpn,40,France
336,Nshazuam,55,Germany
337,Nxdijjo,20,Nigeria
338,Ghnlag,58,Canada
339,Nzhgzyxlln,15,USA
340,Ljjkxwqlpsfcypu,46,Canada
341,Tboirqhkjo,49,USA
342,Idfdkefd,30,Brazil
343,Fzsau,42,Nigeria
344,Yoaudrwhwiinnh,45,Japan
345,Jnhnnvczj,39,Brazil
346,Udkaiivdsyjaoa,17,Germany
347,Pzuloxowrj,45,Japan
348,Equwkpdknzx,56,India
349,Nxsaplexrurz,43,India
350,Yfdanyv,59,USA
351,Jogkwy,31,Canada
352,Wqijjtmtjwqs,44,France
353,Gelotxsiovaw,22,India
354,Hekqrbqlee,25,Brazil
355,Nvqbhxsrvbutlwb,21,Australia
356,Iwhsxpto,58,Canada
357,Cvshvcfqhhjs,38,France
358,Vufelfhag,51,Canada
359,Iadfpankxdhlxs,25,Nigeria
360,Wohxidzemqu,24,Germany
361,Bxhkwwbagkok,16,India
362,Ropcgwx,22,Japan
363,Ztncflvkvlzot,30,Nigeria
364,Grfw,55,Germany
365,Uch,29,Nigeria
366,Dlwmbkeoxgpzkkc,30,Australia
367,Mbpj,22,India
368,Modilr,50,Nigeria
369,Mlf,55,Nigeria
370,Pzkutw,54,France
371,Fotufhedurcfg,26,India
372,Wswzstdwi,38,Japan
373,Vpgi,17,Canada
374,Yusu,56,India
375,Tspe,25,Canada
376,Vdwyycg,17,Japan
377,Ivotuxggkukhilv,47,France
378,Hvimognewkmcmmh,51,France
379,Zsommfnaxb,57,Canada
380,Xvi,55,Brazil
381,Ufiafoxfqd,29,Japan
382,Mgouxkfkalv,29,South Africa
383,Mojshaekdxpsrlg,28,France
384,Uexnvrsubusezk,34,Canada
385,Nmeq,31,Nigeria
386,Ptlfv,57,Canada
387,Wdlmctndw,54,Germany
388,Lmfonpohji,35,Nigeria
389,Rhunawbajsrq,51,India
390,Zaxefiurnaunlpu,48,Nigeria
391,Ijnfgwprt,28,France
392,Mzcofvtahojnxsj,53,South Africa
393,Tanbw,38,USA
394,Jnocmdyohb,29,Germany
395,Tgygzmynpsdegpk,39,South Africa
396,Jflkasxtxsqp,28,Japan
397,Ssbbpd,56,Australia
398,Mykdbnzi,57,India
399,Apvrpgrr,25,France
400,Pzdrzsq,59,France
401,Xlixfit,38,Germany
402,Npznfgrrec,25,Canada
403,Lzbfosnzssthax,46,Japan
404,Ccapzcxekkadevt,55,Canada
405,Dqsibshsgbsbwfb,48,Brazil
406,Canbzlqztbqtsfh,21,Canada
407,Ihfchq,16,India
408,Psq,49,USA
409,Hppejhow,35,Brazil
410,Vbwhtsucxjypxha,44,Nigeria
411,Rpgxqlu,14,France
412,Nac,39,South Africa
413,Zirq,42,Nigeria
414,Qzz,29,India
415,Rvonwsffymbsbl,52,France
416,Gkknrtacajhee,33,France
417,Yrultsflvmkn,40,Canada
418,Iqz,45,USA
419,Xxguf,59,Nigeria
420,Szpyijbwf,52,India
421,Iwhj,29,Germany
422,Dwdgifbzdmjmkpk,15,India
423,Uhqutdvqsad,43,India
424,Pcx,53,South Africa
425,Ycfclqopotkzdp,56,Brazil
426,Buyzzpjqjwtnrd,15,South Africa
427,Maujzz,37,France
428,Hlfrb,38,France
429,Fqvdcxjts,35,Australia
430,Vurf,37,Australia
431,Najq,34,India
432,Mmosvzs,31,Japan
433,Xxeykpt,52,France
434,Arvyrqsss,15,India
435,Hsoqqhcyltl,40,Japan
436,Pnsperver,28,Brazil
437,Uojrxkxenv,22,Nigeria
438,Jdqcauvyqj,49,USA
439,Advaw,24,South Africa
440,Ddtqunjoj,57,South Africa
441,Auflqxcgfpdsrr,57,Canada
442,Ptfyxodqwwkhwzm,45,Nigeria
443,Hfpiadkxt,16,Canada
444,Bnvoi,39,Australia
445,Imiklkzzygymv,44,USA
446,Izqiro,39,USA
447,Etdjfa,14,Brazil
448,Rqeyigwdd,16,Canada
449,Tnkyzhlgksmkjqt,49,USA
450,Wxszjrijcgmlcs,35,Nigeria
451,Yfcpk,17,India
452,Qnrytkthefg,39,France
453,Gsgmjxozncbr,31,South Africa
454,Cenjsnjfooppk,24,Japan
455,Oxmd,55,Nigeria
456,Jwdiqpcswfnrn,29,France
457,Wwshh,53,Brazil
458,Brrfei,47,Australia
459,Riponusrnwmlyl,46,South Africa
460,Kfbeo,50,South Africa
461,Idtfgcv,58,Germany
462,Arcspq,46,France
463,Allznqg,36,South Africa
464,Ukrqdhqvl,33,Japan
465,Wwf,22,Japan
466,Yqxizezwftlduns,33,Germany
467,Loqljzx,24,Nigeria
468,Qivfklqhabc,41,France
469,Mgkr,25,Germany
470,Upyghycylscym,36,South Africa
471,Fhmwwaszyrgm,23,Canada
472,Lvqwyvmwjtvfm,28,Japan
473,Azbtuzqjqzor,45,Nigeria
474,Kydqkxydhgzzuli,46,Nigeria
475,Vmhysrmj,23,Nigeria
476,Rqiadamohgn,45,Brazil
477,Lqbwffvwzfzy,55,USA
478,Mxtvjsuayaun,14,Australia
479,Shkdhqhfx,51,India
480,Zdncmlzpm,27,Canada
481,Xjbkeb,52,Australia
482,Ndso,16,Japan
483,Xmez,60,Brazil
484,Axjrsyjkw,34,France
485,Wmrinutztohbj,14,Germany
486,Mgvlr,39,Canada
487,Mukredbapbc,24,South Africa
488,Idod,52,France
489,Vtnifqempm,17,Australia
490,Umpxfixy,57,France
491,Kbsrjtxchwzn,57,Australia
492,Mclxnnohommvlv,47,France
493,Jply,53,Brazil
494,Cbzdyqw,14,France
495,Qljwzoerjodpzkr,37,Brazil
496,Dezsdoyi,53,India
497,Ybfbhzlqet,37,France
498,Puiyhkvvl,57,Japan
499,Hjkeldcod,14,USA
500,Aaigzjb,24,Nigeria
501,Eofvygbutfrmqgi,55,Canada
502,Gylj,32,Germany
503,Zlb,50,USA
504,Lwlcjaclf,30,France
505,Ibdzyrdsopipxcc,24,Canada
506,Kmpzhjexvdfezt,31,Canada
507,Zacnlvdgkxq,32,Japan
508,Vekefigeycmim,20,South Africa
509,Vauq,14,Germany
510,Ekgc,60,Canada
511,Fdbub,53,Germany
512,Mgmaylcntust,15,Japan
513,Qwwtqjnntu,51,Brazil
514,Jhr,15,USA
515,Esl,40,Canada
516,Himvrywbb,17,USA
517,Owkrcsqgto,23,Australia
518,Nuxed,44,South Africa
519,Rtdmksomor,50,France
520,Hiuzekpahyg,18,Australia
521,Mxwzoaxtnje,46,Nigeria
522,Bmuxy,47,Germany
523,Gjpco,40,Germany
524,Klrqtl,49,Germany
525,Ret,57,Japan
526,Aggu,55,Canada
527,Wnlwvdv,30,Australia
528,Arpvxnyhrnffz,15,India
529,Fto,58,Nigeria
530,Wwml,48,South Africa
531,Xjcacfiwusbxjq,23,USA
532,Vajjqjycuwkkhy,55,France
533,Qie,45,Germany
534,Zfqlrkkfdmgts,23,Canada
535,Eujnsbqszblcmkm,41,Nigeria
536,Mte,34,France
537,Wwtmwkpwpxzuo,32,Brazil
538,Hattkd,17,USA
539,Wofesemlghrnpps,37,Nigeria
540,Mmwlgpkdfps,29,India
541,Howe,29,Canada
542,Qehajtoa,50,France
543,Ahbnoc,39,Germany
544,Swthnqqqt,34,Brazil
545,Dyls,46,France
546,Pqmnipwnei,29,Brazil
547,Ninyisr,30,India
548,Boactubcdggc,30,Brazil
549,Trcghbdh,30,Germany
550,Naidfqycuylry,47,France
551,Dytmgyxpeponi,20,France
552,Egfxbgfmfv,39,France
553,Egtiffgcm,26,India
554,Kigzhoaczkyapb,38,Brazil
555,Cajeadmlizpjqwq,38,Japan
556,Abnr,18,Germany
557,Xbty,58,India
558,Uwafaskw,17,Germany
559,Ezucuqis,20,USA
560,Nklnmteljuyxyr,22,Nigeria
561,Ryhn,35,USA
562,Cqkpzgyltipa,34,Canada
563,Mksvtiiojy,28,Japan
564,Sccrtcd,31,Japan
565,Ddeuv,30,Japan
566,Gjamw,30,France
567,Pjeqle,56,Australia
568,Ocsbadyla,46,USA
569,Rheiwahqeuyxkg,21,Germany
570,Kpfaqysclhft,59,Nigeria
571,Abkpwe,31,Brazil
572,Dsofdz,16,India
573,Prhxop,22,France
574,Kvleapcesumwszr,37,Australia
575,Pmmefmbk,49,Japan
576,Tbwiujrodzjn,53,Nigeria
577,Luamjennwnihoj,53,Japan
578,Gsonondd,29,Brazil
579,Crqlgju,59,Nigeria
580,Qfjhsozylou,60,India
581,Ggredwlky,57,Canada
582,Zyl,47,Japan
583,Dssgywy,49,Japan
584,Ouxfdv,23,Brazil
585,Ldugzaq,50,Canada
586,Fekb,47,France
587,Vtm,18,India
588,Jsqgtevtnpkgb,39,South Africa
589,Jzbjrmyvmwh,43,France
590,Cfah,39,Canada
591,Juerskkrrbezy,52,Nigeria
592,Mbggkhv,54,Brazil
593,Kskbpnpxwrrpq,27,USA
594,Szhedeqg,55,Germany
595,Lbaknyqvwhvli,51,Japan
596,Fopdj,44,Nigeria
597,Uqlvfnrywll,38,Japan
598,Zglom,34,Brazil
599,Aelwjwwhcuqeim,17,India
600,Ytduffvltef,48,South Africa
601,Hsdojzwtrmnuoub,14,Japan
602,Wvjqkikfjfssc,20,India
603,Lxmbkk,33,Canada
604,Vagxnuponnix,24,India
605,Hemhmhsozfx,20,Germany
606,Ivqetchiugibxrf,28,France
607,Bder,28,Germany
608,Fluwdozlugoof,33,Nigeria
609,Xxrypnbcbix,42,Brazil
610,Izqqdtyciy,25,Australia
611,Damzhyfy,31,USA
612,Gsmzu,18,South Africa
613,Nntcthe,54,South Africa
614,Qeaunvdotaiy,19,Australia
615,Yvrb,41,Australia
616,Wgkbbzlsa,38,Germany
617,Ahkvtywghmrv,14,Nigeria
618,Jwovlxvzblmsyh,19,Japan
619,Qxxfxy,21,Germany
620,Dbzqujsxufeoo,16,Nigeria
621,Khjekoo,57,Australia
622,Ajyqylsvie,48,India
623,Wyvjwmozvqsnm,22,Japan
624,Mxjvnfiasl,46,France
625,Hjxotdaejraifv,35,Brazil
626,Nydhj,15,Australia
627,Gsslkfirfksa,17,South Africa
628,Aqtba,42,Canada
629,Byfblofrch,60,Nigeria
630,Neflhuoc,51,Brazil
631,Tlilvocd,30,Nigeria
632,Ahvtqnedbrf,29,France
633,Dihmaylcfnqpc,20,USA
634,Rmzw,55,Nigeria
635,Putgcwmhl,29,Canada
636,Fmjgs,50,Canada
637,Fgwjckncvzhpqo,52,Canada
638,Tznqoisabyqmmj,60,Canada
639,Emyk,14,Australia
640,Gpgcujl,14,France
641,Qmcmyhmt,25,Brazil
642,Pgqrersue,52,India
643,Rohjd,59,Japan
644,Ecuewf,27,Japan
645,Pzripeqaxs,48,Canada
646,Pyiw,23,India
647,Fegzswtthzrfux,26,Brazil
648,Cvnvrabjcgnuk,39,Canada
649,Thh,55,South Africa
650,Efxatfz,24,Australia
651,Jnxmepwnyv,26,Brazil
652,Ygi,17,Japan
653,Befjhitlkwujba,34,South Africa
654,Jolobe,43,Germany
655,Hmypvnxcjaas,40,India
656,Qookmcljrf,36,Nigeria
657,Tvna,37,Brazil
658,Zkeyfuaqt,50,South Africa
659,Itsvqjce,53,USA
660,Wexmpa,42,Germany
661,Ryqpnhi,32,Nigeria
662,Rmas,25,Brazil
663,Fzmygmnymnlbhyh,60,Brazil
664,Fxferrmkjwqgpr,35,Brazil
665,Nupjf,17,Germany
666,Ygwtgdg,27,Australia
667,Ipf,40,France
668,Skceigrqvwqvi,16,Nigeria
669,Nbfiijwetkq,30,USA
670,Wmmujtid,43,Nigeria
671,Jvmlweamgrmcr,55,India
672,Gsntopobwmid,27,Japan
673,Aflst,32,Germany
674,Jiijnrjsle,46,USA
675,Zbgtitqzsr,49,Brazil
676,Rkktuj,46,Germany
677,Wxoroibxdk,41,Canada
678,Kkrh,17,France
679,Cpzwgrtwyhyrvdv,44,USA
680,Whejq,38,Japan
681,Cmoapn,20,Brazil
682,Gdjgznppqe,24,USA
683,Lqzyoe,34,France
684,Xpwoosdvur,24,Australia
685,Ejnebj,25,Nigeria
686,Nfucbms,21,Canada
687,Yxu,48,India
688,Gcdjv,25,Brazil
689,Mnmzdlb,37,USA
690,Ifzqytzgazx,18,Nigeria
691,Ijgwgxjadmez,32,Japan
692,Klsbvc,33,Japan
693,Dwjga,34,South Africa
694,Zydrdqfroma,34,France
695,Hpvvtgzwi,31,USA
696,Qysbp,44,Canada
697,Qoga,48,Germany
698,Kczwqwgw,37,Brazil
699,Gfafndc,15,USA
700,Kneyjhupnuouzlt,40,Canada
701,Nvyoy,49,USA
702,Rtcseiyn,18,France
703,Mlzexbslxhdjigo,26,India
704,Iezurbsmcte,55,Brazil
705,Lmcrlrjqhy,24,India
706,Labdln,53,Australia
707,Srj,57,Nigeria
708,Dxbyhi,52,South Africa
709,Hgbinmobkzqaj,35,France
710,Ijwe,42,France
711,Onlk,27,India
712,Ruipgmvgwdrc,31,USA
713,Hzi,25,India
714,Olxbhxvlmqlk,47,Canada
715,Tfqipnytqjcs,30,South Africa
716,Dmhvuwxufs,23,Germany
717,Mmz,58,Australia
718,Pfgjodocbmch,19,India
719,Elodt,57,Nigeria
720,Ubdbkzyb,60,India
721,Sheaax,35,Nigeria
722,Ourx,44,France
723,Ucttgw,54,Brazil
724,Xzuthr,30,USA
725,Avtcehtyziowhc,60,France
726,Ccaxgpcthmwqrrt,18,India
727,Jklpollmdxio,19,Canada
728,Dcaxmzxnr,17,Japan
729,Kbfnxird,26,Australia
730,Aqmjqf,43,India
731,Lkzjd,47,Canada
732,Yzfum,19,India
733,Copnjgkidtkl,57,Japan
734,Cfmeynvqwms,16,Germany
735,Fpos,33,Canada
736,Gefefroqwl,18,Nigeria
737,Dfpsy,46,USA
738,Ypsrvqltascpkl,55,France
739,Ldcvpdini,41,Australia
740,Ffblrhkdzuf,38,Canada
741,Twwttamdw,39,Japan
742,Kufmc,33,Brazil
743,Cyqoxz,21,France
744,Blqlmolxkfqw,44,Brazil
745,Ckdrhtgacntlwv,47,Japan
746,Duzykisqoxzbqfz,58,Brazil
747,Ibjegprpl,58,India
748,Glbfgvxlawts,41,South Africa
749,Gyzmqwzaebeve,29,Germany
750,Xak,24,South Africa
751,Pfawpscrahpw,25,Brazil
752,Fubbxuneqawc,40,USA
753,Jbonp,25,Brazil
754,Jwwdeplh,29,Germany
755,Ppqbahj,60,Canada
756,Knje,43,France
757,Xyxsldwwd,37,France
758,Aettejeskdsv,58,Japan
759,Ngkh,38,Japan
760,Kyingxvswcuvos,22,France
761,Djjthjznppdqeil,14,Japan
762,Atfrsalwgnz,16,Canada
763,Fvtuj,20,Nigeria
764,Fcpdujrxiofv,18,South Africa
765,Fpeudripnqeygxy,60,USA
766,Ozhsirqtlyjhe,19,Germany
767,Ugdmxrt,59,South Africa
768,Sdsttgizjbv,26,Brazil
769,Jcxi,54,Germany
770,Cwfhhncljsfnsl,34,Japan
771,Xaqxg,17,India
772,Jhoahhumulte,30,Nigeria
773,Viy,17,Nigeria
774,Tgk,21,USA
775,Lppioqo,29,India
776,Ocjc,22,Canada
777,Vrunphv,54,France
778,Bzvmfrsdpljjo,30,Japan
779,Otscqvzxu,22,Germany
780,Oqmfkccdxmv,56,USA
781,Wduad,22,Germany
782,Kjpoivmr,38,USA
783,Sqftbjjwk,47,Japan
784,Somjtsrntywhf,54,South Africa
785,Gjsu,26,Canada
786,Sydmmnn,51,Nigeria
787,Klifeyowphs,60,Australia
788,Yyzhdxnjvi,50,Nigeria
789,Enoaycuatnhfc,56,Australia
790,Qfqnnx,30,USA
791,Qkvxtoleqbvftjg,18,India
792,Caajpywcmvgql,52,Canada
793,Ofpgc,58,France
794,Urtnm,43,Nigeria
795,Ikpo,59,Nigeria
796,Zkpjynnwhs,58,Japan
797,Slnt,23,Brazil
798,Hnqicqmpm,14,Japan
799,Tdwggmztiudkke,51,South Africa
800,Ncaaffzojvjsz,45,South Africa
801,Oaxbzfdzhsdd,52,India
802,Rsbyj,18,Australia
803,Zvl,60,India
804,Zhpbucbosrttmo,48,South Africa
805,Tmilqujeumuly,26,Canada
806,Spvnzsjqcmzzyl,60,USA
807,Xcwqnafhmtzxc,41,USA
808,Unnshtzfork,51,Brazil
809,Loeisjeuctbv,29,Brazil
810,Auleafv,43,USA
811,Jtpchxcty,59,India
812,Ouxwbbd,59,South Africa
813,Yvlukiydinfki,37,France
814,Vhafqzcvyysm,29,France
815,Kapffyzqo,55,USA
816,Upsgdkhifleyggs,51,Australia
817,Sgbcmcu,36,Australia
818,Mrmqbfivlxdjez,34,France
819,Zdtidkkbzhu,59,Canada
820,Gnubupw,42,France
821,Majqdam,22,USA
822,Vuuuwn,29,USA
823,Plabon,20,Nigeria
824,Roumg,30,Germany
825,Qki,23,Germany
826,Spenog,37,Japan
827,Hyeroqfvzfqrex,16,South Africa
828,Ybtfxlv,18,Japan
829,Vredcmvkr,54,India
830,Svjel,36,Australia
831,Twwzisgjhxgmka,47,Brazil
832,Kcpaqn,57,South Africa
833,Tlyektkrgrxkzdo,17,Germany
834,Pxocjoggy,24,France
835,Qxxhpict,25,France
836,Sahpd,25,Germany
837,Ajqp,35,Germany
838,Tgnjtaqvmcfp,26,USA
839,Zqfozqck,58,Brazil
840,Afermko,37,Australia
841,Bmbygobwzlsfp,43,France
842,Klwjaemgjftic,24,Brazil
843,Hfpgu,31,India
844,Suukke,40,Japan
845,Yevsd,33,Australia
846,Rpv,47,Germany
847,Oacafcvwjk,36,France
848,Fmkurlj,42,Australia
849,Wuz,43,Nigeria
850,Wiggesjnju,44,Germany
851,Xyaxfoqq,46,South Africa
852,Zdgf,33,India
853,Hpbabgwxyhjwk,17,USA
854,Vrk,36,South Africa
855,Kcetvoeglkwbe,23,India
856,Rfcwakd,54,Germany
857,Illrorrw,30,USA
858,Krpwgomgc,52,Australia
859,Svlxb,41,Japan
860,Ssc,43,Brazil
861,Ebnsmojujwcu,43,France
862,Ajonaqv,24,Nigeria
863,Dmxeniyiayfp,30,Nigeria
864,Idfxhqlbhgxft,17,Japan
865,Uczlvfqjmpjjrq,26,Canada
866,Joobg,33,USA
867,Yumvbtakcx,16,Japan
868,Mzkfbqxv,18,Germany
869,Iblgx,40,France
870,Awnpjtqz,44,Japan
871,Wdwx,17,Germany
872,Bxin,35,India
873,Wqykplkptunb,14,Japan
874,Dlh,28,Canada
875,Gxvkdhmln,56,Brazil
876,Smyfpirhd,50,Australia
877,Wfxwzr,38,India
878,Ssahxdj,30,Brazil
879,Byejujhhjjcg,28,India
880,Ixe,26,Brazil
881,Qynokoh,54,India
882,Clnsrdnskeytbn,59,India
883,Iahxpkviasauv,29,Nigeria
884,Hfsrhfgixjmpfre,59,Brazil
885,Mmnnz,43,South Africa
886,Hsfauz,57,India
887,Jqhclontwim,43,Brazil
888,Icxxtj,43,Australia
889,Uffk,60,South Africa
890,Kek,47,France
891,Wdlb,21,USA
892,Sapgxxdweczof,49,France
893,Pslhmctdiirsow,41,USA
894,Viztdtp,30,Germany
895,Sovnzggwpqq,43,Germany
896,Fyilx,31,India
897,Epm,54,Canada
898,Msvtdiqilsavqc,54,Australia
899,Pdmfyifnuatuz,32,France
900,Ziasojhrygv,52,Brazil
901,Aandpjyw,50,USA
902,Vnybgb,33,USA
903,Yjrckmal,52,France
904,Qailtkehbzpta,60,USA
905,Xxvtzhzw,33,Canada
906,Xotlpiekzbyuzj,26,Brazil
907,Grcpmrlht,37,Japan
908,Wqhrfzydyner,50,South Africa
909,Gugj,34,India
910,Itdiuujqhhiddi,26,Canada
911,Lblmqonua,39,India
912,Apovyzwx,25,Nigeria
913,Vezfpn,39,USA
914,Kxltxfvixze,17,Japan
915,Jrwl,36,Germany
916,Jiaetbjejjxzwpl,60,Japan
917,Yhrdxtqevpvdt,18,Japan
918,Yxuzcny,40,France
919,Gnkpbtausbxcuy,48,USA
920,Ekte,39,Nigeria
921,Hata,29,USA
922,Omdwlwouosn,57,South Africa
923,Xihcisqmlbigqk,52,Australia
924,Ullvogosncgzj,58,Brazil
925,Pmsvfyha,55,France
926,Viy,20,Australia
927,Dcwcweqmaj,40,South Africa
928,Dagidxuhd,59,France
929,Ejdbxhvqqixt,50,Nigeria
930,Weltkvafe,29,Japan
931,Cwnjb,16,South Africa
932,Hbsep,24,Nigeria
933,Jskkzsmtjmd,58,France
934,Glxoxlt,37,Germany
935,Xfprsznzzdhwkx,31,Nigeria
936,Xqymlhcm,25,Germany
937,Wbtthwakba,33,Canada
938,Rehakcsbg,45,Nigeria
939,Waxbppkaxufm,23,Australia
940,Nyuevtaq,53,Germany
941,Hhllgxaawlv,24,Brazil
942,Bidw,18,France
943,Eevtc,51,South Africa
944,Vxmpjavecjzl,56,Nigeria
945,Tkiugiavhvnzbk,56,Brazil
946,Jlzhmwlsnkjhdr,32,France
947,Wasbibl,53,USA
948,Vvq,57,Germany
949,Cloi,24,Nigeria
950,Ogebllzu,21,Nigeria
951,Lbkqwwxpqectpjs,47,India
952,Brvyzf,15,Germany
953,Wsalhlgzg,22,Japan
954,Xzbybjcmz,20,France
955,Gpa,50,South Africa
956,Voatytpkzbcrz,46,India
957,Fivmrbjgv,39,USA
958,Lggeexafush,56,India
959,Sfugqxbu,46,Australia
960,Mlvct,47,Nigeria
961,Atqpzq,33,India
962,Tcdmyl,37,Nigeria
963,Verygzfgpa,41,Brazil
964,Tdjcrv,28,India
965,Odfhbfr,36,Nigeria
966,Olakglwmcl,30,Australia
967,Gqiorzttzctym,19,Germany
968,Yrcwasxs,36,Brazil
969,Lxpuxgwgcheum,44,Canada
970,Rquexznxor,53,Brazil
971,Femctlaw,26,USA
972,Vmvz,50,Nigeria
973,Zbvfzmny,45,Canada
974,Eos,47,South Africa
975,Pxjsdhz,48,Nigeria
976,Xquujxeh,27,Japan
977,Abpmhiyonsmano,49,USA
978,Akf,55,South Africa
979,Srlnoapafmso,30,India
980,Ymgafnmozc,21,Brazil
981,Ajrofpbly,42,France
982,Cmqhfssf,26,Nigeria
983,Zqspw,26,Germany
984,Gjkmlftrji,42,Canada
985,Gvrpf,40,South Africa
986,Unkkxei,28,Japan
987,Vprbrlevyub,50,Germany
988,Kgtsgkxmuu,31,Japan
989,Mgdxqdjg,53,Australia
990,Ssruk,53,France
991,Uygjg,41,France
992,Seozgrqzgyeryh,35,USA
993,Xpcrdliehdjbce,59,Germany
994,Wkgpdntybbdgk,23,India
995,Ydm,59,France
996,Lix,27,South Africa
997,Ruijvlnggf,55,France
998,Cshavdpp,32,USA
999,Zmtcep,57,Japan
1000,Vvdfowfpuexkp,23,Japan
