1,343,852,sender
2,568,476,sender
3,842,448,sender
4,839,378,sender
5,504,262,sender
6,163,522,sender
7,532,334,sender
8,192,322,sender
9,346,147,sender
10,909,551,sender
11,372,563,sender
12,950,609,sender
13,633,216,sender
14,904,897,sender
15,533,242,sender
16,592,231,sender
17,149,827,sender
18,165,,sender
19,189,393,sender
20,855,282,sender
21,574,635,sender
22,321,,sender
23,730,571,sender
24,551,731,sender
25,287,136,sender
26,223,274,sender
27,653,925,sender
28,541,599,sender
29,967,309,sender
30,755,148,sender
31,641,121,sender
32,235,345,sender
33,683,572,sender
34,939,655,sender
35,318,373,sender
36,769,239,sender
37,511,337,sender
38,278,247,sender
39,66,402,sender
40,698,84,sender
41,751,597,sender
42,147,727,sender
43,598,63,sender
44,221,305,sender
45,298,269,sender
46,322,608,sender
47,104,342,sender
48,846,350,sender
49,896,422,sender
50,2,812,sender
51,423,527,sender
52,251,98,sender
53,766,463,sender
54,585,842,sender
55,177,438,sender
56,283,31,sender
57,46,930,sender
58,277,735,sender
59,912,468,sender
60,754,720,sender
61,76,680,sender
62,872,669,sender
63,286,605,sender
64,744,,sender
65,486,496,sender
66,834,614,sender
67,211,347,sender
68,634,958,sender
69,214,265,sender
70,360,240,sender
71,,351,sender
72,158,659,sender
73,548,663,sender
74,,905,sender
75,397,299,sender
76,662,982,sender
77,707,721,sender
78,,523,sender
79,119,,sender
80,,19,sender
81,821,353,sender
82,202,768,sender
83,770,,sender
84,675,962,sender
85,70,486,sender
86,609,478,sender
87,527,898,sender
88,77,404,sender
89,865,560,sender
90,721,278,sender
91,449,384,sender
92,628,405,sender
93,952,674,sender
94,257,,sender
95,682,39,sender
96,953,436,sender
97,64,826,sender
98,353,540,sender
99,,730,sender
100,,243,sender
101,168,288,sender
102,734,38,sender
103,,866,sender
104,962,647,sender
105,793,600,sender
106,250,627,sender
107,825,630,sender
108,,833,sender
109,692,954,sender
110,424,544,sender
111,794,272,sender
112,301,198,sender
113,,7,sender
114,709,59,sender
115,553,180,sender
116,308,50,sender
117,105,834,sender
118,,676,sender
119,888,,sender
120,656,320,sender
121,706,161,sender
122,233,634,sender
123,453,587,sender
124,661,327,sender
125,122,199,sender
126,624,594,sender
127,476,704,sender
128,595,450,sender
129,915,803,sender
130,485,712,sender
131,597,,sender
132,106,728,sender
133,718,828,sender
134,861,618,sender
135,312,,sender
136,118,707,sender
137,,530,sender
138,652,576,sender
139,459,671,sender
140,,783,sender
141,998,,sender
142,185,,sender
143,,134,sender
144,902,935,sender
145,801,8,sender
146,464,,sender
147,186,,sender
148,442,90,sender
149,678,550,sender
150,,,sender
151,725,151,sender
152,,397,sender
153,746,,sender
154,,664,sender
155,61,532,sender
156,789,,sender
157,788,613,sender
158,600,,sender
159,374,849,sender
160,,,sender
161,375,,sender
162,,6,sender
163,,406,sender
164,931,177,sender
165,989,217,sender
166,951,937,sender
167,13,610,sender
168,871,602,sender
169,,215,sender
170,327,,sender
171,579,850,sender
172,,449,sender
173,,313,sender
174,630,620,sender
175,,,sender
176,401,,sender
177,443,,sender
178,,880,sender
179,22,263,sender
180,344,941,sender
181,903,586,sender
182,324,494,sender
183,,769,sender
184,260,,sender
185,450,310,sender
186,279,971,sender
187,302,719,sender
188,116,,sender
189,,,sender
190,985,821,sender
191,,490,sender
192,160,636,sender
193,666,552,sender
194,760,207,sender
195,,758,sender
196,761,588,sender
197,16,502,sender
198,237,20,sender
199,384,726,sender
200,219,166,sender
201,740,672,sender
202,,77,sender
203,305,538,sender
204,796,908,sender
205,935,632,sender
206,,665,sender
207,,528,sender
208,393,654,sender
209,837,861,sender
210,879,870,sender
211,,,sender
212,505,876,sender
213,216,254,sender
214,472,766,sender
215,,482,sender
216,845,775,sender
217,545,997,sender
218,491,218,sender
219,143,292,sender
220,637,108,sender
221,984,633,sender
222,446,,sender
223,39,251,sender
224,689,44,sender
225,228,,sender
226,942,644,sender
227,215,357,sender
228,843,,sender
229,86,290,sender
230,410,383,sender
231,923,640,sender
232,,653,sender
233,288,307,sender
234,,425,sender
235,,145,sender
236,,359,sender
237,891,800,sender
238,300,,sender
239,264,29,sender
240,78,,sender
241,762,415,sender
242,333,86,sender
243,,,sender
244,715,,sender
245,723,931,sender
246,,,sender
247,400,,sender
248,364,104,sender
249,948,750,sender
250,859,99,sender
251,922,928,sender
252,972,,sender
253,558,271,sender
254,991,986,sender
255,255,,sender
256,519,,sender
257,,858,sender
258,,116,sender
259,866,831,sender
260,,100,sender
261,52,690,sender
262,994,985,sender
263,218,481,sender
264,428,604,sender
265,376,681,sender
266,,,sender
267,,483,sender
268,68,258,sender
269,,,sender
270,478,171,sender
271,,228,sender
272,,221,sender
273,,375,sender
274,594,950,sender
275,651,427,sender
276,79,539,sender
277,647,103,sender
278,62,824,sender
279,899,458,sender
280,960,845,sender
281,387,,sender
282,488,,sender
283,,,sender
284,864,154,sender
285,409,698,sender
286,811,137,sender
287,659,574,sender
288,684,318,sender
289,378,790,sender
290,381,,sender
291,198,21,sender
292,350,518,sender
293,,559,sender
294,433,924,sender
295,,,sender
296,,667,sender
297,37,854,sender
298,880,,sender
299,,520,sender
300,55,,sender
1,55,621,reciever
2,55,351,reciever
3,55,481,reciever
4,55,288,reciever
5,55,680,reciever
6,55,271,reciever
7,55,357,reciever
8,55,707,reciever
9,55,523,reciever
10,55,614,reciever
11,55,8,reciever
12,55,950,reciever
13,55,258,reciever
14,55,834,reciever
15,55,231,reciever
16,55,930,reciever
17,55,98,reciever
18,55,84,reciever
19,55,928,reciever
20,55,532,reciever
21,55,775,reciever
22,55,845,reciever
23,55,401,reciever
24,55,422,reciever
25,55,697,reciever
26,55,941,reciever
27,55,800,reciever
28,55,812,reciever
29,55,750,reciever
30,55,997,reciever
31,55,954,reciever
32,55,39,reciever
33,55,897,reciever
34,55,985,reciever
35,55,609,reciever
36,55,299,reciever
37,55,908,reciever
38,55,406,reciever
39,55,136,reciever
40,55,861,reciever
41,55,463,reciever
42,55,634,reciever
43,55,63,reciever
44,55,622,reciever
45,55,496,reciever
46,55,664,reciever
47,55,221,reciever
48,55,803,reciever
49,55,958,reciever
50,55,690,reciever
51,55,262,reciever
52,55,831,reciever
53,55,436,reciever
54,55,807,reciever
55,55,476,reciever
56,55,21,reciever
57,55,86,reciever
58,55,982,reciever
59,55,613,reciever
60,55,994,reciever
61,55,823,reciever
62,55,574,reciever
63,55,552,reciever
64,55,826,reciever
65,55,854,reciever
66,55,334,reciever
67,55,161,reciever
68,55,824,reciever
69,55,141,reciever
70,55,866,reciever
71,55,186,reciever
72,55,858,reciever
73,55,310,reciever
74,55,604,reciever
75,55,285,reciever
76,55,292,reciever
77,55,937,reciever
78,55,269,reciever
79,55,490,reciever
80,55,103,reciever
81,55,19,reciever
82,55,242,reciever
83,55,31,reciever
84,55,563,reciever
85,55,630,reciever
86,55,635,reciever
87,55,898,reciever
88,55,313,reciever
89,55,688,reciever
90,55,173,reciever
91,55,719,reciever
92,55,251,reciever
93,55,588,reciever
94,55,198,reciever
95,55,427,reciever
96,55,527,reciever
97,55,207,reciever
98,55,502,reciever
99,55,166,reciever
100,55,712,reciever
101,55,374,reciever
102,55,383,reciever
103,55,551,reciever
104,55,486,reciever
105,55,448,reciever
106,55,539,reciever
107,55,180,reciever
108,55,766,reciever
109,55,91,reciever
110,55,44,reciever
111,55,876,reciever
112,55,730,reciever
113,55,154,reciever
114,55,347,reciever
115,55,468,reciever
116,55,177,reciever
117,55,849,reciever
118,55,827,reciever
119,55,587,reciever
120,55,415,reciever
121,55,922,reciever
122,55,676,reciever
123,55,850,reciever
124,55,257,reciever
125,55,610,reciever
126,55,971,reciever
127,55,986,reciever
128,55,218,reciever
129,55,681,reciever
130,55,846,reciever
131,55,378,reciever
132,55,924,reciever
133,55,342,reciever
134,55,660,reciever
135,55,699,reciever
136,55,121,reciever
137,55,59,reciever
138,55,375,reciever
139,55,450,reciever
140,55,597,reciever
141,55,265,reciever
142,55,572,reciever
143,55,653,reciever
144,55,768,reciever
145,55,525,reciever
146,55,520,reciever
147,55,171,reciever
148,55,50,reciever
149,55,352,reciever
150,55,263,reciever
151,55,758,reciever
152,55,931,reciever
153,55,627,reciever
154,55,828,reciever
155,55,632,reciever
156,55,353,reciever
157,55,60,reciever
158,55,550,reciever
159,55,359,reciever
160,55,663,reciever
161,55,637,reciever
162,55,365,reciever
163,55,586,reciever
164,55,665,reciever
165,55,594,reciever
166,55,698,reciever
167,55,494,reciever
168,55,669,reciever
169,55,726,reciever
170,55,720,reciever
171,55,783,reciever
172,55,870,reciever
173,55,137,reciever
174,55,100,reciever
175,55,647,reciever
176,55,674,reciever
177,55,821,reciever
178,55,405,reciever
179,55,880,reciever
180,55,704,reciever
181,55,602,reciever
182,55,239,reciever
183,55,571,reciever
184,55,769,reciever
185,55,318,reciever
186,55,560,reciever
187,55,980,reciever
188,55,216,reciever
189,55,46,reciever
190,55,404,reciever
191,55,667,reciever
192,55,975,reciever
193,55,865,reciever
194,55,309,reciever
195,55,790,reciever
196,55,735,reciever
197,55,77,reciever
198,55,833,reciever
199,55,905,reciever
200,55,618,reciever
201,55,852,reciever
202,55,518,reciever
203,55,786,reciever
204,55,199,reciever
205,55,540,reciever
206,55,600,reciever
207,55,599,reciever
208,55,636,reciever
209,55,818,reciever
210,55,272,reciever
211,55,327,reciever
212,55,654,reciever
213,55,247,reciever
214,55,702,reciever
215,55,640,reciever
216,55,134,reciever
217,55,124,reciever
218,55,99,reciever
219,55,832,reciever
220,55,146,reciever
221,55,337,reciever
222,55,228,reciever
223,55,528,reciever
224,55,151,reciever
225,55,672,reciever
226,55,620,reciever
227,55,671,reciever
228,55,438,reciever
229,55,147,reciever
230,55,935,reciever
231,55,20,reciever
232,55,116,reciever
233,55,217,reciever
234,55,559,reciever
235,55,235,reciever
236,55,290,reciever
237,55,538,reciever
238,55,402,reciever
239,55,393,reciever
240,55,530,reciever
241,55,675,reciever
242,55,373,reciever
243,55,254,reciever
244,55,576,reciever
245,55,274,reciever
246,55,350,reciever
247,55,148,reciever
248,55,925,reciever
249,55,215,reciever
250,55,397,reciever
251,55,38,reciever
252,55,6,reciever
253,55,458,reciever
254,55,544,reciever
255,55,887,reciever
256,55,659,reciever
257,55,491,reciever
258,55,952,reciever
259,55,493,reciever
260,55,243,reciever
261,55,240,reciever
262,55,728,reciever
263,55,345,reciever
264,55,482,reciever
265,55,478,reciever
266,55,108,reciever
267,55,765,reciever
268,55,605,reciever
269,55,456,reciever
270,55,962,reciever
271,55,29,reciever
272,55,307,reciever
273,55,633,reciever
274,55,278,reciever
275,55,425,reciever
276,55,90,reciever
277,55,449,reciever
278,55,104,reciever
279,55,7,reciever
280,55,842,reciever
281,55,379,reciever
282,55,644,reciever
283,55,305,reciever
284,55,145,reciever
285,55,731,reciever
286,55,320,reciever
287,55,727,reciever
288,55,384,reciever
289,55,282,reciever
290,55,522,reciever
291,55,721,reciever
292,55,322,reciever
293,55,483,reciever
294,55,939,reciever
295,55,226,reciever
296,55,608,reciever
297,55,628,reciever
298,55,780,reciever
299,55,655,reciever
300,55,907,reciever
