1,Iikuxyqtd,2024-10-30 03:45:40
2,Ticgyulbiumx,2024-10-21 09:01:46
3,Jsevveemc,2024-10-03 13:58:55
4,Bgircblm,2024-10-28 20:49:39
5,Gmwyknea,2024-10-01 02:31:35
6,Wkpvxvqb,2024-10-27 12:26:09
7,Ptbxxrqscsubrp,2024-10-29 13:05:34
8,Nlxjnynrvqhx,2024-10-03 15:50:31
9,Ktfxm,2024-10-01 01:05:11
10,Itudpvtpom,2024-10-20 08:52:13
11,Bnhbx,2024-10-15 08:07:38
12,Pohxbtk,2024-10-11 15:20:39
13,Bjcoldys,2024-10-26 13:05:36
14,Reqkwufcqqvbj,2024-10-13 15:56:57
15,Elqlntmyn,2024-10-03 05:33:03
16,Ygeazmqfeunvklq,2024-10-23 23:37:06
17,Cvpzeeqc,2024-10-20 21:39:11
18,Jqxoxkmhckmepvu,2024-10-15 02:26:38
19,Gqwbdejh,2024-10-18 22:16:49
20,Fddduuihi,2024-10-21 05:10:29
21,Adghsyvgozh,2024-10-11 12:04:55
22,Lnmsbkdasncpcy,2024-10-18 14:07:30
23,Iakykeqwtq,2024-10-02 03:51:59
24,Enlrkoxjcevyrz,2024-10-23 19:29:40
25,Nwkmzgrdjdwdni,2024-10-04 16:37:59
26,Wvcqfoi,2024-10-05 23:14:52
27,Iblim,2024-10-13 05:56:25
28,Hjspedyfjltyt,2024-10-02 11:13:09
29,Exiopuby,2024-10-25 06:34:58
30,Pxlutps,2024-10-28 20:59:45
31,Lipqtrpcjhprifo,2024-10-25 03:23:39
32,Geqyvfdsvlbleod,2024-10-12 10:53:30
33,Ivgjbugyjoml,2024-10-24 13:20:18
34,Mtiyynat,2024-10-04 00:04:27
35,Shwnhzjjto,2024-10-03 18:49:26
36,Hdljfmxdpujaz,2024-10-09 12:21:34
37,Oldmgdzehzf,2024-10-04 08:49:52
38,Ncexbmv,2024-10-02 21:43:03
39,Bmurefpvotj,2024-10-13 09:13:33
40,Nfhhpabs,2024-10-29 22:43:33
41,Njqhckatmtt,2024-10-06 10:09:24
42,Jmxbvrmhrcft,2024-10-23 20:52:14
43,Qfzncrd,2024-10-30 07:55:52
44,Hrlmzc,2024-10-15 19:36:13
45,Snithexxx,2024-10-04 02:42:14
46,Bjkozjmqf,2024-10-21 11:47:36
47,Sciuojmcwyn,2024-10-16 05:08:26
48,Vtucbfelpwxbjz,2024-10-06 01:44:49
49,Bifluwciduse,2024-10-09 10:26:02
50,Jvyvnpnpenihbds,2024-10-23 17:02:26
51,Kbkmukmym,2024-10-07 22:58:53
52,Kspmrey,2024-10-22 05:10:35
53,Qapwvnkgvyd,2024-10-22 01:08:32
54,Ejnyy,2024-10-01 16:54:06
55,Zmrdgcjiuivy,2024-10-21 08:41:18
56,Tmlqrond,2024-10-11 07:10:18
57,Afppphjcmcqh,2024-10-25 21:24:21
58,Desewnlfu,2024-10-10 11:20:48
59,Aucggjjphomhmx,2024-10-15 11:13:31
60,Hxevyshwldy,2024-10-14 22:10:56
61,Qqurzk,2024-10-30 15:30:52
62,Uyfxjbce,2024-10-24 04:15:32
63,Kjoapm,2024-10-31 18:42:56
64,Cckvgxyjg,2024-10-22 02:39:56
65,Xluibloao,2024-10-12 19:47:15
66,Ezdrgjbcdjnxgh,2024-10-03 22:41:48
67,Rxieqntar,2024-10-19 06:22:02
68,Ecucq,2024-10-02 08:17:52
69,Dyfdffx,2024-10-18 01:49:24
70,Hsemmbdm,2024-10-21 17:58:26
71,Valuanpczwaw,2024-10-12 18:02:15
72,Cxhzrptgbzokpwk,2024-10-04 09:04:55
73,Dqeerdgzt,2024-10-20 23:15:25
74,Zduptbgddne,2024-10-08 15:55:53
75,Ikhjcomcrowkwr,2024-10-23 00:11:06
76,Bbgjkt,2024-10-11 17:13:09
77,Znfgblkwz,2024-10-24 08:11:52
78,Evhlxwdkhpjetd,2024-10-20 19:50:32
79,Czbwcrtj,2024-10-10 10:35:18
80,Klweygzhxsckl,2024-10-05 13:58:02
81,Nrmpheeuuxr,2024-10-04 21:31:34
82,Hvavy,2024-10-11 05:03:12
83,Guwiggfkcre,2024-10-15 13:32:37
84,Mdwriearwbxi,2024-10-14 11:58:28
85,Ufkxouyku,2024-10-03 15:30:07
86,Ckvdosgabtp,2024-10-12 15:15:46
87,Oasiedmwsnsxxl,2024-10-06 12:55:08
88,Enfudxlhqzoth,2024-10-25 12:09:49
89,Zgxdqabutiwg,2024-10-16 03:11:27
90,Zbohpjcqbes,2024-10-11 01:04:49
91,Eyfofmngahs,2024-10-30 23:17:02
92,Ueujm,2024-10-24 06:52:58
93,Jehbizyytfiw,2024-10-21 13:21:32
94,Wsrjahkwnshtbna,2024-10-28 04:21:45
95,Tqagwxjs,2024-10-24 15:57:21
96,Lhrnf,2024-10-13 00:04:33
97,Cjtgredvioburi,2024-10-26 14:37:54
98,Gokduya,2024-10-08 21:49:19
99,Ujwregcldkrw,2024-10-11 21:31:52
100,Xwtcpvgprlfdi,2024-10-29 04:52:11
101,Xuatmz,2024-10-13 04:13:09
102,Eqhgxxtxrs,2024-10-11 21:47:39
103,Ombdbyal,2024-10-23 09:18:52
104,Srgvzhv,2024-10-24 04:16:58
105,Fromcbvjhte,2024-10-02 13:28:46
106,Ewoif,2024-10-09 12:54:09
107,Iouedynnaocagam,2024-10-20 12:44:56
108,Xxiwqxma,2024-10-12 04:14:49
109,Vyvrjitjeup,2024-10-11 15:23:12
110,Qbgaxtfbxgs,2024-10-10 09:04:47
111,Hqmkps,2024-10-04 12:18:06
112,Koiyjansnsrg,2024-10-13 13:44:10
113,Rkwttlofud,2024-10-15 17:25:19
114,Zqqshooq,2024-10-10 20:19:49
115,Iypakerptwxxdlz,2024-10-09 11:39:12
116,Fwikhjjetrca,2024-10-27 20:45:46
117,Nexvc,2024-10-11 00:45:09
118,Zotdjqzmcdgm,2024-10-13 13:55:28
119,Oggowyipfsonsq,2024-10-29 14:18:48
120,Pyjrxhdv,2024-10-17 14:05:47
121,Mnicnoczvpsyae,2024-10-05 09:28:09
122,Oynyvdmjcr,2024-10-18 02:32:58
123,Txoqtjrwxbm,2024-10-17 20:35:44
124,Aohfgkk,2024-10-29 23:01:47
125,Phivhua,2024-10-30 16:12:55
126,Iaykhv,2024-10-07 11:29:20
127,Wqddvdhrwdw,2024-10-31 04:27:17
128,Mfeamsomasykoaf,2024-10-25 06:54:02
129,Qmwubuae,2024-10-13 19:03:59
130,Tdzzwczgtzc,2024-10-06 15:33:11
131,Czmka,2024-10-01 14:53:20
132,Uliukuhmsrcv,2024-10-30 07:00:14
133,Rgcdbewagguza,2024-10-09 09:36:55
134,Nwrhhuvbgkfuor,2024-10-18 14:17:22
135,Gklpvks,2024-10-23 05:19:44
136,Yosrlti,2024-10-18 03:15:09
137,Knyuapkuzvn,2024-10-23 18:42:00
138,Mbrpp,2024-10-10 02:45:47
139,Xwhqnyinmvz,2024-10-24 04:43:13
140,Qtnlds,2024-10-28 21:58:52
141,Uacymneuimwitua,2024-10-19 10:53:24
142,Ehfjou,2024-10-03 17:33:49
143,Sthxqktopbe,2024-10-10 08:21:49
144,Zilwabqoujrjqcc,2024-10-01 20:47:04
145,Wwsoxif,2024-10-04 07:50:28
146,Mocntztwnrkinay,2024-10-11 13:21:55
147,Xyogtylwdydz,2024-10-16 15:10:10
148,Qtyxpqmfbu,2024-10-05 08:42:10
149,Naveeby,2024-10-18 08:58:56
150,Ehkcdgfebbxnx,2024-10-09 10:35:07
151,Djaisxfteln,2024-10-18 16:15:13
152,Llfokbyjjh,2024-10-08 06:17:29
153,Zfeetzyipyy,2024-10-07 06:37:45
154,Kinamis,2024-10-29 02:15:29
155,Rytuwfgu,2024-10-19 00:17:10
156,Ilehttozhcbwl,2024-10-26 19:09:23
157,Htknmgef,2024-10-31 13:54:04
158,Xpkjaososilq,2024-10-17 11:35:13
159,Qmrzaewxmea,2024-10-24 20:11:48
160,Qvanopfqvtvwk,2024-10-01 11:55:26
161,Mtpxdjck,2024-10-21 12:53:18
162,Psjgffchcmurmh,2024-10-23 00:06:59
163,Zcilztflnpnvbs,2024-10-18 04:53:40
164,Ogmyzrnwfrixlh,2024-10-30 17:08:10
165,Zjhkqotyvpxdyyz,2024-10-17 14:12:01
166,Ykpznflkgc,2024-10-28 08:11:34
167,Zofoisqqufp,2024-10-03 14:55:08
168,Vjtnzfa,2024-10-02 00:07:15
169,Kbjjdrbyfbvs,2024-10-10 03:44:40
170,Axcagjgexchyf,2024-10-21 17:39:21
171,Pihlylzfmdhzw,2024-10-20 14:38:03
172,Vxalauh,2024-10-27 18:13:35
173,Dgqcvariywsxji,2024-10-17 01:25:34
174,Hoivm,2024-10-15 05:17:13
175,Vaolfwuessbo,2024-10-12 23:37:01
176,Bzyvnetujrntfwz,2024-10-20 18:15:29
177,Vpkcr,2024-10-26 19:53:07
178,Daffm,2024-10-11 14:31:52
179,Lfzhultmetl,2024-10-18 02:09:46
180,Lfuovirjnpih,2024-10-04 19:34:44
181,Lsqjishlf,2024-10-07 11:33:29
182,Arhgadaz,2024-10-27 20:52:30
183,Abmitpoyktp,2024-10-07 13:55:38
184,Womavf,2024-10-17 08:02:03
185,Uavbwatu,2024-10-21 01:54:54
186,Ydnfbwxdtqdrup,2024-10-09 05:08:09
187,Ouphfyvrnbgg,2024-10-28 01:57:37
188,Zowfeumhxvnbad,2024-10-01 09:08:24
189,Uatwm,2024-10-22 12:28:24
190,Vslvdf,2024-10-21 06:51:37
191,Hceje,2024-10-06 00:58:05
192,Ledizgdoa,2024-10-26 10:36:50
193,Vyiyybfsxrl,2024-10-20 12:44:12
194,Okrwbsxspng,2024-10-13 02:12:28
195,Yqutenfzibut,2024-10-28 06:43:52
196,Xctykppulmdzu,2024-10-10 13:12:02
197,Aangwcqxkades,2024-10-25 03:54:28
198,Mlwjivynolvpu,2024-10-22 05:34:32
199,Thhndxsigtr,2024-10-16 10:51:12
200,Merhzzcgn,2024-10-06 11:19:49
201,Sgqpq,2024-10-27 19:03:45
202,Qmupmj,2024-10-06 19:12:13
203,Bvhbcnpumwq,2024-10-31 05:47:25
204,Mghfohjns,2024-10-18 06:02:02
205,Umiakyozmejzfz,2024-10-29 07:32:11
206,Hndcyxlcz,2024-10-22 22:16:05
207,Sbquqwfhmjmh,2024-10-18 22:49:33
208,Lfydlbhftzhl,2024-10-13 15:04:54
209,Onuofpk,2024-10-02 07:16:14
210,Vstfaweu,2024-10-24 00:48:44
211,Zrfkizckp,2024-10-22 03:32:03
212,Efrsfcjimfhmd,2024-10-04 16:11:30
213,Pfpeuyyaeqr,2024-10-20 10:21:06
214,Xvryequeyutiq,2024-10-09 23:16:37
215,Ufaxuzwmlsqwqnw,2024-10-23 02:41:23
216,Rcmigje,2024-10-04 11:41:15
217,Kxhrdiidvn,2024-10-17 04:24:11
218,Nniozok,2024-10-16 05:23:48
219,Lvxwzi,2024-10-11 08:56:43
220,Mxquwsysfw,2024-10-13 13:02:18
221,Ysqtsq,2024-10-24 07:13:16
222,Purwgzh,2024-10-18 01:32:08
223,Zbjlwepo,2024-10-12 10:28:50
224,Ytugidk,2024-10-12 22:22:44
225,Essmnxedp,2024-10-13 16:46:02
226,Kitesogrodp,2024-10-13 00:02:46
227,Lxzqudmxra,2024-10-06 02:02:56
228,Cysddookdnoeq,2024-10-31 16:33:41
229,Ovywimmmocu,2024-10-13 23:53:18
230,Mrfqtpbrzsmdif,2024-10-17 08:39:20
231,Qjtvpediwx,2024-10-29 12:07:35
232,Plwuphimkszjhyl,2024-10-27 19:19:48
233,Qunhzipjqmygm,2024-10-06 15:12:44
234,Yslyaz,2024-10-15 04:00:57
235,Vdaakne,2024-10-02 17:02:35
236,Mcpdvaosdrc,2024-10-09 01:24:38
237,Oqsvsih,2024-10-31 13:53:24
238,Ymfjyooy,2024-10-10 14:01:32
239,Yyvkmtvkung,2024-10-22 11:29:58
240,Glxwmxcdi,2024-10-26 06:59:28
241,Udpgjjb,2024-10-11 16:43:02
242,Fwrwaonprahjxm,2024-10-06 03:27:04
243,Hbbpua,2024-10-19 07:43:54
244,Nzswj,2024-10-23 08:48:43
245,Abbminriwdx,2024-10-31 05:09:25
246,Wkmfp,2024-10-05 10:55:44
247,Xfdku,2024-10-01 01:27:17
248,Fenez,2024-10-19 05:05:39
249,Wndxjxgjsveyyv,2024-10-12 14:47:16
250,Wiisqbio,2024-10-19 08:17:56
251,Gjmarjmvsb,2024-10-26 08:21:43
252,Fuckuxsqeyjhdui,2024-10-31 07:16:54
253,Idntpxpk,2024-10-10 09:16:49
254,Ddbnpthaujbima,2024-10-19 11:51:46
255,Vjxojuwcjnuor,2024-10-22 05:27:14
256,Ctlcfulhztrf,2024-10-16 20:48:44
257,Nhfwrk,2024-10-15 23:42:48
258,Jpxobhyzk,2024-10-31 16:55:47
259,Uqnkqnnn,2024-10-18 06:57:13
260,Aurxoca,2024-10-08 06:30:00
261,Flnpbwwxyeqi,2024-10-12 17:34:34
262,Uvxuoct,2024-10-18 12:50:11
263,Xedjbjoxzczmbv,2024-10-14 07:58:33
264,Gytdx,2024-10-25 10:35:23
265,Fxroe,2024-10-31 01:36:19
266,Kmtmjmubbddrn,2024-10-13 18:52:09
267,Tryooij,2024-10-08 10:59:08
268,Kbiipe,2024-10-21 15:58:22
269,Mjshzwupopvrmi,2024-10-16 08:27:57
270,Pgblzyzycpmq,2024-10-05 03:18:47
271,Ygaemrpwzuecn,2024-10-12 13:21:40
272,Aafchavgaptdzdq,2024-10-12 19:34:22
273,Lrayfcodfl,2024-10-12 21:55:14
274,Mxqmi,2024-10-03 15:35:07
275,Blkkks,2024-10-15 00:58:57
276,Ubzlkdgto,2024-10-26 19:21:53
277,Bcchhffqsi,2024-10-05 15:36:34
278,Nhlyamtlxw,2024-10-18 16:02:42
279,Smhxbwyg,2024-10-04 01:28:39
280,Jeuquisvtxp,2024-10-27 19:17:29
281,Sfpoziuwvw,2024-10-16 14:17:10
282,Drexdlw,2024-10-12 14:25:53
283,Lbkhvcq,2024-10-20 10:43:46
284,Cpiobzw,2024-10-15 15:35:49
285,Uqpmfinnold,2024-10-27 10:51:12
286,Mwjgguy,2024-10-24 21:54:38
287,Mwhmyoo,2024-10-10 08:55:08
288,Jlpwj,2024-10-09 11:24:48
289,Dnprirrr,2024-10-19 15:40:25
290,Wedmtdlbyq,2024-10-08 19:04:04
291,Vmbyglo,2024-10-22 03:04:20
292,Tmcsyar,2024-10-01 05:30:01
293,Avcmtbauogglbeb,2024-10-25 17:41:50
294,Ovwbvutpcvfep,2024-10-26 08:47:20
295,Mkrbxdajq,2024-10-30 21:08:58
296,Ldhgvrim,2024-10-06 10:40:59
297,Pnrqtnsdi,2024-10-13 20:51:53
298,Brhrbhxaa,2024-10-10 20:21:08
299,Cxmffudaxofjv,2024-10-16 13:52:03
300,Zpeqfaknsrrvxyw,2024-10-21 20:37:01
301,Zysiv,2024-10-08 04:50:39
302,Iiimgonlc,2024-10-21 12:43:46
303,Fwrvmatqswgrdgo,2024-10-10 08:25:50
304,Zuaavdvnlkql,2024-10-23 22:54:20
305,Ypoungdiuernj,2024-10-14 09:05:46
306,Lbzwdwrex,2024-10-17 05:42:55
307,Tczxsanvyfcdgo,2024-10-09 04:17:39
308,Wzbcefqxbswuawu,2024-10-08 16:40:20
309,Nnwznmcuoydbs,2024-10-26 06:19:16
310,Ueumthisxaf,2024-10-07 13:11:01
311,Jprwwazwzlzhs,2024-10-19 16:07:06
312,Lsbdjxig,2024-10-07 02:39:37
313,Jniyg,2024-10-18 11:35:28
314,Lcnslir,2024-10-10 01:51:27
315,Lzfchwobppuxdao,2024-10-03 07:40:32
316,Uwewqutmeycl,2024-10-20 22:26:54
317,Akqgi,2024-10-29 05:18:30
318,Dmsxvbzsax,2024-10-09 21:33:47
319,Jpdau,2024-10-08 08:50:37
320,Ueuinhsovbonrlb,2024-10-22 06:42:28
321,Ezwlyemccf,2024-10-29 01:50:36
322,Cxywelqbijqcxm,2024-10-12 04:00:53
323,Jyvuayijkwvvfeb,2024-10-11 00:12:41
324,Rqgzqkfs,2024-10-31 18:41:46
325,Bbpoeepepuelmhe,2024-10-23 10:50:11
326,Gtggqplg,2024-10-28 12:48:58
327,Jpdxeqlsnn,2024-10-10 00:52:02
328,Pjyqrfnprc,2024-10-27 10:45:28
329,Xiiravg,2024-10-16 12:33:56
330,Wfdlkpspd,2024-10-19 17:41:28
331,Snfib,2024-10-20 23:08:57
332,Hgljxxefu,2024-10-17 23:19:56
333,Phasbwz,2024-10-22 06:22:02
334,Ztkhtew,2024-10-07 03:13:30
335,Rnztxycwi,2024-10-18 15:32:10
336,Ofgyhtndsutydx,2024-10-31 09:00:28
337,Iydummbelhrwtgx,2024-10-03 14:29:34
338,Tzzef,2024-10-18 01:21:32
339,Vxojcqzdlyozql,2024-10-08 06:54:25
340,Avdawotjejwllwh,2024-10-03 07:21:22
341,Bnffrngu,2024-10-12 03:38:24
342,Phbhkizcxo,2024-10-05 17:35:27
343,Mcidhjixcmm,2024-10-09 21:32:45
344,Xhcgwtlxseeg,2024-10-01 05:50:23
345,Folfwv,2024-10-11 08:31:27
346,Xofntbacnhn,2024-10-30 14:37:19
347,Bvsgn,2024-10-07 19:00:37
348,Tioip,2024-10-17 06:20:41
349,Eurccmkpufrggt,2024-10-16 23:22:06
350,Ioivucu,2024-10-06 09:31:19
351,Fynqkjgjvnqu,2024-10-13 14:32:56
352,Bqqaqodgzvmcuya,2024-10-15 14:34:36
353,Evqklono,2024-10-19 22:55:31
354,Kpngwptbk,2024-10-11 18:51:37
355,Uwvvtzyo,2024-10-13 10:50:03
356,Qzewkrkc,2024-10-29 15:06:04
357,Xkjrypladrqy,2024-10-29 03:19:10
358,Vhaqsitavkrbsz,2024-10-12 00:33:42
359,Phmtvyhmihopxp,2024-10-12 22:02:51
360,Wkknqnueeqzmx,2024-10-12 03:29:59
361,Uxiznbexuruok,2024-10-06 21:58:52
362,Tswgife,2024-10-06 20:41:22
363,Ytudvtpxbompynl,2024-10-14 10:11:35
364,Umcoyam,2024-10-26 11:42:50
365,Qeckdmxbfqu,2024-10-08 17:27:37
366,Lhxxfglfkrdts,2024-10-26 00:17:06
367,Srvrf,2024-10-18 09:04:58
368,Imbmfb,2024-10-17 09:52:51
369,Fskksvivndvmq,2024-10-29 18:46:59
370,Qxkwketslezfcm,2024-10-12 17:44:33
371,Lnpxwstgwowhprr,2024-10-15 06:09:14
372,Rsxza,2024-10-13 08:48:10
373,Ddgvrwzuoraxq,2024-10-03 21:51:46
374,Ayvzdrxocvsplc,2024-10-26 15:55:37
375,Rqrongwh,2024-10-13 11:24:07
376,Ngqwlybjktvpxjg,2024-10-11 10:16:49
377,Esukvthbaibcdou,2024-10-06 08:12:52
378,Kuxpwkqembcpnde,2024-10-06 12:06:58
379,Fgyswiecblmqae,2024-10-25 02:41:50
380,Oqukslqpenbt,2024-10-04 15:38:00
381,Dcaujj,2024-10-29 13:10:50
382,Xnixhbgitrx,2024-10-15 13:19:49
383,Bwyuk,2024-10-03 13:32:50
384,Vesqguf,2024-10-08 02:40:35
385,Oyentycg,2024-10-22 22:54:45
386,Qzzgsawikc,2024-10-31 06:00:49
387,Enjlklsswg,2024-10-31 13:37:05
388,Ebintpv,2024-10-26 11:58:52
389,Phctomccf,2024-10-11 12:30:07
390,Npglmgbyvr,2024-10-02 23:52:04
391,Dytpiyzhhmfu,2024-10-10 17:01:09
392,Yzzroy,2024-10-25 20:10:20
393,Inunoiqibt,2024-10-16 18:20:56
394,Apfaiugw,2024-10-16 08:21:42
395,Aypesbyepn,2024-10-24 05:16:40
396,Atwdlxiibdo,2024-10-05 23:43:39
397,Zflqyutu,2024-10-30 13:25:20
398,Fynmtvwlyovridg,2024-10-04 22:04:14
399,Tquuvxvibgn,2024-10-05 00:11:48
400,Bhymyi,2024-10-22 14:42:27
401,Wgesiulhi,2024-10-09 04:26:03
402,Gwnnqqdqnrkbkty,2024-10-25 09:15:59
403,Akttrhl,2024-10-13 04:27:13
404,Rfzmkjydmhlo,2024-10-09 08:24:55
405,Xexixxoffdrtfii,2024-10-18 19:20:47
406,Tikrintokpy,2024-10-28 16:54:04
407,Iyqnylgelktw,2024-10-23 11:19:11
408,Acfspjjv,2024-10-07 06:25:18
409,Vafyu,2024-10-26 05:43:09
410,Ydgbtcmbkdvorz,2024-10-09 05:09:57
411,Eszeomts,2024-10-05 00:09:14
412,Anxtpijlmkmvbnf,2024-10-30 06:26:54
413,Vkudwxecosvnrdr,2024-10-10 16:59:20
414,Ralqkatsjtzgjwe,2024-10-19 02:13:00
415,Rvbmgq,2024-10-24 00:52:37
416,Mdvmrk,2024-10-11 11:21:23
417,Asmyotavglmau,2024-10-03 11:47:45
418,Vnwqmltkka,2024-10-22 02:53:49
419,Btpncohumjiicjh,2024-10-26 09:38:22
420,Lymprhoc,2024-10-16 13:51:56
421,Ypllcuttou,2024-10-31 08:37:22
422,Lhrxctydztdmq,2024-10-19 04:22:49
423,Ynwapsir,2024-10-18 00:03:53
424,Sskzhwbxvtjzsi,2024-10-21 09:40:48
425,Qosercym,2024-10-18 10:14:45
426,Ffbjwtpobl,2024-10-22 09:20:28
427,Ykfvsoxqrkf,2024-10-18 03:07:15
428,Tzxromlsjhunmrz,2024-10-24 16:31:36
429,Fwnrildoozn,2024-10-12 17:35:22
430,Didpzzzpedohzta,2024-10-06 05:44:36
431,Bgkyptvmnvi,2024-10-29 08:36:54
432,Imfdcujeel,2024-10-04 05:07:51
433,Erbilvo,2024-10-28 20:05:55
434,Bmwtjmwqqw,2024-10-10 20:29:44
435,Zzfakkwmkanl,2024-10-21 05:01:32
436,Qcvfeylkymyc,2024-10-10 17:37:27
437,Ifxkplohxctdsbl,2024-10-17 21:41:02
438,Nzaudniictscrt,2024-10-11 23:13:57
439,Dnxlcj,2024-10-19 09:25:34
440,Zzydv,2024-10-02 11:11:24
441,Ioiyqgn,2024-10-26 14:52:31
442,Tlebnqaqxlcdlh,2024-10-28 11:41:24
443,Yzwlbrrzzatcjwy,2024-10-25 07:45:25
444,Wakgmn,2024-10-09 15:31:40
445,Wzrpskqfqgi,2024-10-19 11:42:52
446,Lnagso,2024-10-27 21:19:54
447,Sziht,2024-10-03 20:18:55
448,Upzkk,2024-10-20 20:19:05
449,Yddkogm,2024-10-07 22:35:43
450,Nyvckvfsiiazjtt,2024-10-16 19:20:26
451,Pzycqazxg,2024-10-31 18:13:10
452,Dhhkzyrr,2024-10-26 04:49:11
453,Ovupamalpy,2024-10-06 20:47:33
454,Frkafhdgghi,2024-10-02 16:03:11
455,Etynlfzv,2024-10-29 04:27:52
456,Fbtktmosaajgxs,2024-10-04 02:10:35
457,Dscpqlybeino,2024-10-20 00:30:23
458,Aizbuhyd,2024-10-23 08:32:00
459,Oexcjeqsfa,2024-10-17 23:02:18
460,Kxyhgxeuewck,2024-10-19 12:26:00
461,Fxerstanrcw,2024-10-12 18:32:02
462,Czealqrhggziwz,2024-10-01 05:05:33
463,Rkeavt,2024-10-31 23:41:05
464,Agruv,2024-10-10 14:30:25
465,Glljdrdwiapm,2024-10-16 12:53:28
466,Koxjga,2024-10-22 11:58:03
467,Jldvqyposma,2024-10-05 17:44:07
468,Xlkkwotateasm,2024-10-14 08:05:17
469,Wllqfr,2024-10-12 09:40:27
470,Iniqhop,2024-10-20 19:56:50
471,Vkfvbe,2024-10-26 05:22:10
472,Tssgbscemwqxhb,2024-10-20 09:57:11
473,Iybjbqzh,2024-10-09 16:07:15
474,Prlnudbxme,2024-10-02 12:16:08
475,Jbsvspgdtdevdr,2024-10-27 08:39:42
476,Zqjkrnofkegaud,2024-10-25 09:49:02
477,Sbcpzqilxwoo,2024-10-11 10:10:38
478,Izuydbc,2024-10-11 10:05:53
479,Fjsnrpsdhlinzp,2024-10-11 13:35:59
480,Dsbtigoesf,2024-10-10 23:03:27
481,Wsboakofwh,2024-10-14 01:59:25
482,Ezvegqzse,2024-10-10 21:30:55
483,Wayqfrl,2024-10-09 03:58:53
484,Wwgsuivqv,2024-10-27 15:05:06
485,Wvxuefx,2024-10-12 17:37:27
486,Extuqdkvigxzj,2024-10-24 11:39:00
487,Ejwdko,2024-10-05 15:10:25
488,Hugvxiqfdgeufo,2024-10-05 03:51:37
489,Ynglwzvkpmeclo,2024-10-23 02:27:52
490,Mwetpotyuy,2024-10-04 21:24:09
491,Rtsftjqy,2024-10-26 12:04:24
492,Byanlygokbb,2024-10-16 11:31:23
493,Wqumu,2024-10-29 19:20:52
494,Klstldqwic,2024-10-11 07:38:06
495,Mjlzifiq,2024-10-15 08:04:01
496,Aseuzeoqedkmin,2024-10-26 01:26:47
497,Oksszbgsypa,2024-10-11 15:27:10
498,Zafoyiqiciuhjfu,2024-10-27 09:22:12
499,Gpbwsfsqpczdfhy,2024-10-07 02:27:07
500,Aszlkjfzxwbsmk,2024-10-08 13:36:28
501,Vpdwmhusbxem,2024-10-23 16:00:59
502,Ikcqk,2024-10-08 20:35:07
503,Bksvzqfzpwkpdpj,2024-10-28 19:01:20
504,Lmgzhv,2024-10-01 02:38:18
505,Xqanlgaohqofig,2024-10-14 16:27:34
506,Ftnaya,2024-10-03 09:44:16
507,Lunbdetjyej,2024-10-12 18:10:59
508,Nxurffphy,2024-10-23 22:29:51
509,Jvzmzmogtrgirc,2024-10-04 12:40:10
510,Isqxzcalqh,2024-10-06 01:04:14
511,Vxuadxpt,2024-10-23 05:33:36
512,Fnkvdnvo,2024-10-07 05:21:11
513,Aymdx,2024-10-04 06:29:36
514,Kiaoibvoe,2024-10-29 17:15:15
515,Jmavvmackfmi,2024-10-20 12:14:07
516,Wnwphrbxvdyem,2024-10-22 17:33:26
517,Zkkgqiembjzpudw,2024-10-20 01:03:12
518,Nzwtnmgsgxkt,2024-10-06 04:45:22
519,Ozyvxotnhbptss,2024-10-18 23:47:13
520,Fatcscdfbi,2024-10-13 22:45:43
521,Grbdztwibwpjukg,2024-10-21 10:08:37
522,Iisjofuj,2024-10-12 00:45:09
523,Wdpgevjtamt,2024-10-08 18:54:13
524,Jyxlgrr,2024-10-12 11:50:36
525,Puhxxe,2024-10-25 01:16:48
526,Bazoxbb,2024-10-22 11:29:11
527,Lixow,2024-10-29 05:54:38
528,Vqfwhuybxboq,2024-10-20 23:24:47
529,Ufhhbhayjzx,2024-10-03 04:52:52
530,Kzqmcqqez,2024-10-24 14:57:34
531,Wbutxvagc,2024-10-02 19:18:22
532,Iyjqwpegl,2024-10-28 12:08:10
533,Gqscc,2024-10-22 01:58:15
534,Ponrsxdhwhxz,2024-10-01 22:13:41
535,Yyifxpmwvap,2024-10-13 12:15:23
536,Xepnybzxr,2024-10-21 09:38:53
537,Jpstsfud,2024-10-29 17:10:35
538,Jlargwfirephahn,2024-10-28 21:05:31
539,Oizsbmllaqdbxc,2024-10-29 11:50:09
540,Rzsxemx,2024-10-17 10:47:49
541,Tqnlmlt,2024-10-08 08:19:52
542,Ysahzwhodjetcgr,2024-10-18 02:44:12
543,Yctlhkiyotyms,2024-10-07 17:25:36
544,Nualzuz,2024-10-27 05:27:38
545,Gallawczpra,2024-10-22 23:38:38
546,Dbibbsiwxhzhv,2024-10-19 21:59:53
547,Cjmdl,2024-10-28 20:20:35
548,Yicsjezifn,2024-10-15 23:28:52
549,Chzaznvzsjjon,2024-10-14 18:03:02
550,Grujalyp,2024-10-01 06:58:33
551,Rsoscbiyxj,2024-10-18 05:23:59
552,Tlbnrvyjf,2024-10-18 14:38:31
553,Bzlzugpanz,2024-10-01 01:59:02
554,Cxdjbmnfwprxex,2024-10-03 08:51:43
555,Dwspgqvdfdxei,2024-10-14 19:06:43
556,Ndwzhffp,2024-10-12 09:21:56
557,Lmtpsbejtewmty,2024-10-19 09:22:15
558,Dvoozyewo,2024-10-07 15:21:56
559,Lqvyhalulocrp,2024-10-22 10:29:16
560,Fdzopzzxqfwslc,2024-10-18 20:44:50
561,Bbizpnt,2024-10-13 10:03:37
562,Wvgrqmprgeghwiu,2024-10-29 16:15:45
563,Rzcbgkgjhw,2024-10-11 04:34:02
564,Ogwbonsik,2024-10-20 11:58:35
565,Qmhicvuqmmtdmpn,2024-10-07 06:57:43
566,Kjmbzswomdiqnug,2024-10-27 04:59:50
567,Grbjzsnsw,2024-10-03 03:05:47
568,Symuqezqlctqq,2024-10-19 20:13:26
569,Fmxxbphigllylw,2024-10-31 14:16:10
570,Ppjqquzo,2024-10-14 12:19:19
571,Qajnaeb,2024-10-29 22:44:33
572,Pmsumnkn,2024-10-05 11:38:36
573,Zrvhj,2024-10-15 00:33:01
574,Orfwk,2024-10-21 16:51:16
575,Yuyvcvpuqwbwfk,2024-10-08 04:00:31
576,Rywimpsqsy,2024-10-26 14:01:39
577,Ozrxiktec,2024-10-12 00:48:18
578,Hmaarvokfgduj,2024-10-05 11:34:17
579,Vcuvgfb,2024-10-12 21:12:55
580,Bsbrzeqlabymzo,2024-10-31 04:23:18
581,Djbebeunar,2024-10-21 17:57:50
582,Wacuus,2024-10-11 20:27:31
583,Yvdayjxiuhjaya,2024-10-03 07:50:38
584,Mtfuffuws,2024-10-27 13:52:14
585,Jgnllelbofrpkal,2024-10-26 14:27:35
586,Lxjkyn,2024-10-02 18:27:01
587,Xqcwlbghyjyn,2024-10-02 08:44:18
588,Ywrnasxujeuav,2024-10-21 07:50:02
589,Crpfmvlerd,2024-10-31 23:55:49
590,Ffsqt,2024-10-22 00:23:59
591,Vsnivkcepfeehqp,2024-10-14 20:09:15
592,Sakmunx,2024-10-12 18:31:50
593,Xgqumrvaohvz,2024-10-18 17:00:02
594,Wwsynxlvjr,2024-10-31 14:00:37
595,Kaztrfnzf,2024-10-17 22:21:23
596,Hazjuftnpjwiona,2024-10-07 09:35:43
597,Cedeawxoybmnax,2024-10-01 03:47:14
598,Bppcbaq,2024-10-18 09:18:52
599,Vqmxwcra,2024-10-01 09:56:10
600,Hqdtpgltn,2024-10-15 13:53:29
601,Syngmmwdkchdztl,2024-10-27 08:31:49
602,Czantnmstm,2024-10-01 18:36:51
603,Rxpabkdqfkj,2024-10-02 12:41:06
604,Ffriur,2024-10-26 19:34:58
605,Gdnyahgddw,2024-10-08 00:37:08
606,Jihhnnyrmmrwy,2024-10-07 10:51:04
607,Xqbxxz,2024-10-14 14:12:02
608,Exkbyuonzuobip,2024-10-26 04:58:12
609,Kakbd,2024-10-12 01:13:17
610,Lbjtdazvfzpoenf,2024-10-26 23:46:47
611,Xunkawqggb,2024-10-26 23:33:38
612,Ejbdzmpvvzsdp,2024-10-02 04:37:57
613,Qfbchgsnv,2024-10-02 16:59:55
614,Zsmdusgdhctxfu,2024-10-18 23:00:36
615,Cxvusgtpjee,2024-10-24 23:08:50
616,Uvdvkkpxcxw,2024-10-18 22:39:14
617,Oddrus,2024-10-31 03:19:52
618,Aakcsotuvdkaj,2024-10-11 19:46:40
619,Cwgnpgfimc,2024-10-19 04:36:49
620,Oyqpt,2024-10-03 21:57:51
621,Whxprmvzaxbz,2024-10-16 09:36:29
622,Kkkfd,2024-10-09 19:25:21
623,Epgaycaweuxnrc,2024-10-12 18:57:54
624,Xrqkppdtam,2024-10-24 22:54:36
625,Qkazc,2024-10-04 22:28:18
626,Qkgwpywzjuck,2024-10-14 09:04:13
627,Bjeesclfpfmwhj,2024-10-21 02:46:28
628,Ugzmalax,2024-10-23 14:58:52
629,Cdxzdhx,2024-10-14 21:59:59
630,Vblqxuia,2024-10-10 07:45:09
631,Cuwfd,2024-10-06 17:59:42
632,Rygjfkicjfqfegl,2024-10-23 09:52:01
633,Cnjpzgka,2024-10-31 03:12:14
634,Anliyml,2024-10-06 11:03:01
635,Vbzlhzpolc,2024-10-01 17:39:04
636,Grdrreaipaa,2024-10-14 23:19:41
637,Acmcqdc,2024-10-06 18:03:15
638,Jztktbmewiuq,2024-10-14 14:57:13
639,Fvcmxxteyb,2024-10-09 00:18:40
640,Pkxlhrhwtusasu,2024-10-26 09:54:49
641,Gobcszq,2024-10-20 00:41:30
642,Aygwlgyuuujnmbm,2024-10-03 13:24:31
643,Cdefmofuejmqhp,2024-10-10 20:49:38
644,Thgdappqf,2024-10-04 16:50:50
645,Evhziszlm,2024-10-21 09:14:47
646,Kblbxkybhpbewt,2024-10-30 16:39:09
647,Otdzfrh,2024-10-13 19:48:22
648,Qawmywnsj,2024-10-04 11:14:44
649,Dtwknqcpp,2024-10-01 20:10:21
650,Foxiode,2024-10-01 13:20:17
651,Fucockgcu,2024-10-05 22:49:18
652,Fbgcdfyrxb,2024-10-04 21:06:11
653,Basuzalutnm,2024-10-19 00:09:51
654,Ftfscw,2024-10-27 13:41:08
655,Cqskghjh,2024-10-07 07:58:49
656,Amrzs,2024-10-21 17:11:18
657,Mabaza,2024-10-29 03:30:10
658,Jnwggltup,2024-10-11 15:37:21
659,Hfyqodiayjhaarz,2024-10-22 12:32:22
660,Uwcqfirrnl,2024-10-14 01:16:52
661,Vsqsmtd,2024-10-31 10:03:57
662,Lletrrld,2024-10-29 16:36:52
663,Ndsqellaitr,2024-10-04 14:42:10
664,Wmmspo,2024-10-10 23:57:55
665,Ihncdquzfpp,2024-10-26 00:31:22
666,Tbastisz,2024-10-19 04:50:08
667,Yjlfnm,2024-10-22 23:06:19
668,Pbcmjcs,2024-10-12 20:11:01
669,Mevukocpq,2024-10-02 08:30:53
670,Xkimogeqjn,2024-10-23 02:41:22
671,Lxfxthrg,2024-10-31 12:13:07
672,Lyabszxfgrwknv,2024-10-16 06:52:39
673,Mhoenypjptyxna,2024-10-16 18:14:06
674,Woxioiu,2024-10-27 23:29:59
675,Lvkcajfqeo,2024-10-06 13:00:19
676,Ssdeyfkgtujrs,2024-10-22 08:16:24
677,Epvsyerswqsbnd,2024-10-08 13:41:33
678,Yhnozv,2024-10-09 02:14:05
679,Ovenysqkmismtp,2024-10-17 00:46:53
680,Bqjwzgtwzrqc,2024-10-23 14:15:58
681,Lxnhk,2024-10-14 13:37:16
682,Ykhixwa,2024-10-12 22:06:49
683,Thkulmrsn,2024-10-01 09:19:36
684,Pstqidswohu,2024-10-17 19:47:15
685,Qqqyzdingarzngo,2024-10-05 15:20:07
686,Szdorsnkdwlw,2024-10-19 08:08:18
687,Gwfkasrd,2024-10-21 20:23:27
688,Cpdxxpuhagrf,2024-10-27 21:10:52
689,Tnluktvccymwpaj,2024-10-31 09:47:19
690,Curcwultjrmxer,2024-10-16 15:41:52
691,Dhhjax,2024-10-26 09:50:31
692,Fqbssguksozsfuf,2024-10-06 11:54:59
693,Fdagpla,2024-10-06 18:54:48
694,Hlpzrxjgcqvz,2024-10-15 23:51:31
695,Cvocbdvourglyr,2024-10-08 21:50:40
696,Drjxblezffwobyb,2024-10-31 12:10:40
697,Kuqvlufwcmcbekh,2024-10-27 21:35:07
698,Ifkspui,2024-10-09 06:30:30
699,Jmvows,2024-10-28 16:32:00
700,Xqjlhfhib,2024-10-11 13:32:57
701,Tqxtvpm,2024-10-02 04:21:09
702,Xoltdpslwjgl,2024-10-20 13:43:48
703,Wsfbit,2024-10-17 17:29:04
704,Hndeeflhwky,2024-10-05 01:40:17
705,Mssegpe,2024-10-30 11:35:37
706,Qhyevgikgkfe,2024-10-18 03:28:06
707,Exqwbbhqapofn,2024-10-15 03:20:04
708,Qjemylnel,2024-10-18 06:44:06
709,Jyltgotr,2024-10-20 11:09:57
710,Mwhcp,2024-10-08 17:09:12
711,Mstefcrouy,2024-10-01 01:10:15
712,Ybtkpruqlrgby,2024-10-15 03:52:40
713,Znrbibniqt,2024-10-20 16:03:14
714,Wqohgdkyzkavswt,2024-10-11 23:32:19
715,Lzwnqifddo,2024-10-04 23:38:42
716,Wlvpyqe,2024-10-11 02:21:38
717,Mvnmpvzdva,2024-10-25 03:24:24
718,Geyvkg,2024-10-25 06:24:28
719,Edbgb,2024-10-25 16:35:15
720,Trfareic,2024-10-18 20:35:37
721,Hvsmpxhn,2024-10-24 09:27:54
722,Pdjbpmzybi,2024-10-09 20:07:50
723,Lwjrldfywykt,2024-10-19 06:30:38
724,Itlicoej,2024-10-26 16:29:20
725,Ipqauwduhflxnv,2024-10-27 16:08:35
726,Yqwicoex,2024-10-05 06:13:48
727,Dyyxgqd,2024-10-28 16:27:24
728,Ysoxym,2024-10-29 13:39:20
729,Urfcvcjpdhreh,2024-10-17 03:41:04
730,Opzjbwkc,2024-10-18 09:12:04
731,Uqpqpxrzdqneyl,2024-10-27 03:15:14
732,Chzkvyguscsf,2024-10-27 17:47:01
733,Fwzlgthdehw,2024-10-13 12:13:03
734,Dgnltu,2024-10-02 22:49:20
735,Deddjec,2024-10-22 17:48:08
736,Pleqtgbgasgdwf,2024-10-01 14:14:48
737,Tkwjpldlgmneip,2024-10-22 09:55:48
738,Otfkjgaud,2024-10-27 22:29:40
739,Plgtom,2024-10-11 03:23:56
740,Lbvnhb,2024-10-05 16:50:30
741,Kwcmsylsoptbty,2024-10-30 01:35:21
742,Yzfctknullssa,2024-10-13 20:54:24
743,Kkdfuawhrpn,2024-10-27 21:44:34
744,Taiowv,2024-10-17 10:11:26
745,Muvyzmmwiogqnlq,2024-10-10 17:34:42
746,Zaytlqttwnoimi,2024-10-15 23:54:11
747,Xumdlppb,2024-10-03 05:37:41
748,Syozwhoscymq,2024-10-31 18:50:56
749,Irtokpendzjka,2024-10-23 02:52:19
750,Nafnedqloiudfxs,2024-10-17 03:13:03
751,Udxfm,2024-10-30 15:47:08
752,Qwmlfrvzjqjyd,2024-10-10 18:59:08
753,Mlpdxpcitxc,2024-10-05 07:00:41
754,Yogtansyrrjs,2024-10-16 02:54:30
755,Zapehkyujx,2024-10-01 22:20:51
756,Mtotwvibsty,2024-10-28 17:15:47
757,Zirrbslibqxi,2024-10-30 15:23:23
758,Sfaqrnx,2024-10-02 23:07:39
759,Zmwjm,2024-10-17 06:37:53
760,Uapxzc,2024-10-14 12:54:14
761,Jceeblseasmt,2024-10-01 06:39:50
762,Gncscwbzemlhc,2024-10-24 18:11:26
763,Yncgcosgvdggzd,2024-10-24 09:17:38
764,Gpvlolmhhhhybi,2024-10-18 21:02:58
765,Plxkqtynzws,2024-10-31 03:19:31
766,Xnjntsvjwtqceyr,2024-10-04 21:08:19
767,Odsbeegkcsjre,2024-10-27 20:06:52
768,Urjgwkuqpfz,2024-10-03 02:33:43
769,Jwzupxreqymle,2024-10-23 13:51:00
770,Sawjfpbucxg,2024-10-25 02:24:57
771,Ttpopacowvrxt,2024-10-06 08:28:56
772,Scgol,2024-10-31 19:42:55
773,Saogcuvnzmjalvp,2024-10-30 03:05:50
774,Vyzvelgsuik,2024-10-23 01:21:38
775,Oiwrksmqajehn,2024-10-07 15:44:17
776,Toyhkc,2024-10-17 03:53:26
777,Njwurqetlswrq,2024-10-02 06:53:04
778,Figxbqamsnfdqmm,2024-10-24 06:43:04
779,Qxlchpfstk,2024-10-20 15:11:43
780,Ufknmgexf,2024-10-05 19:18:05
781,Pfxrsauobrultyk,2024-10-29 14:19:17
782,Wsohii,2024-10-09 03:16:57
783,Qywhrkrq,2024-10-03 01:15:40
784,Hxnvvk,2024-10-17 16:12:01
785,Qiexeknwnobjm,2024-10-19 11:59:29
786,Cdzpsgvyr,2024-10-06 08:25:35
787,Pktobiaobkmyxpt,2024-10-23 18:19:07
788,Dccclwflz,2024-10-22 08:31:49
789,Rlajtipzntq,2024-10-01 20:25:30
790,Sbttmkdg,2024-10-25 08:19:46
791,Igcvuvjeqfnh,2024-10-23 03:17:57
792,Tygwwiavuzku,2024-10-08 18:33:19
793,Rkktroypkp,2024-10-16 17:09:55
794,Qkgbjepoc,2024-10-03 07:48:57
795,Kqoom,2024-10-23 01:49:15
796,Czjnctqhmbsmks,2024-10-28 13:08:02
797,Dstqqrwydyy,2024-10-11 01:43:39
798,Thbwdpm,2024-10-13 10:15:45
799,Ymnymnx,2024-10-17 13:57:13
800,Rvsuuu,2024-10-08 11:28:35
801,Icjcrnuxapal,2024-10-15 16:26:15
802,Hgyshjvztqtg,2024-10-16 16:24:56
803,Brslyoiqh,2024-10-08 10:24:47
804,Dlxhghabdynhrf,2024-10-29 17:01:40
805,Euklv,2024-10-01 08:51:38
806,Xjozju,2024-10-28 17:44:05
807,Sqcppupk,2024-10-10 01:13:52
808,Fdzzaxafcsutw,2024-10-16 17:27:38
809,Opoyvz,2024-10-04 00:36:37
810,Riscted,2024-10-19 00:46:01
811,Odhxkzcxilmoc,2024-10-08 15:21:23
812,Uwjvl,2024-10-10 18:05:10
813,Ydybtqb,2024-10-19 09:04:01
814,Uficieoozkalg,2024-10-19 06:40:36
815,Ruqleyrwwm,2024-10-07 15:07:58
816,Zgdnaaifbucg,2024-10-05 08:55:46
817,Abnyopv,2024-10-01 21:04:26
818,Cerrl,2024-10-04 09:12:49
819,Erfrcm,2024-10-24 14:09:23
820,Jmusc,2024-10-31 02:25:20
821,Dnkvdphw,2024-10-08 06:28:50
822,Gkecnxflxyrzhcr,2024-10-22 21:50:17
823,Lmravgkyhgap,2024-10-17 19:18:14
824,Vngunave,2024-10-06 23:07:15
825,Edqmzuzwbcj,2024-10-02 18:01:51
826,Hxcupyexauwaf,2024-10-05 06:41:00
827,Bzcoykeccqlv,2024-10-29 05:32:24
828,Xvodgsv,2024-10-26 00:49:56
829,Nlovaegqtgfm,2024-10-16 13:39:06
830,Bhonbxrqyo,2024-10-09 15:04:35
831,Blglpujypxhb,2024-10-21 21:43:45
832,Lyakbgda,2024-10-31 08:02:38
833,Hjspz,2024-10-16 14:00:04
834,Yvffqt,2024-10-17 01:07:51
835,Xgwwsiztigq,2024-10-05 14:46:34
836,Rwtcudfptgajg,2024-10-11 12:02:15
837,Miellqu,2024-10-23 22:59:25
838,Kqdbcqll,2024-10-02 20:43:46
839,Weazvs,2024-10-15 05:49:58
840,Ixfgnd,2024-10-15 23:11:10
841,Ghahqs,2024-10-13 19:24:09
842,Dyovljb,2024-10-11 13:44:46
843,Vanscddo,2024-10-13 17:08:06
844,Psbncrmjybmxni,2024-10-18 23:10:18
845,Rdpzvf,2024-10-09 19:05:14
846,Fhjqvn,2024-10-08 00:56:55
847,Iruoqs,2024-10-24 10:21:49
848,Mivmvfbp,2024-10-08 03:57:09
849,Thugbzavcxwljak,2024-10-21 06:19:24
850,Lywuwx,2024-10-15 05:35:48
851,Nwpgz,2024-10-29 04:14:04
852,Fshfvlfumbi,2024-10-21 11:53:44
853,Fnjzfnwqzlawn,2024-10-26 07:42:05
854,Etgcdgcpuloo,2024-10-18 02:01:54
855,Rukglyvsyhemoy,2024-10-06 16:17:59
856,Womosivxpzfohbo,2024-10-14 03:57:19
857,Koxvjy,2024-10-01 18:03:28
858,Vxnhqdnbtd,2024-10-06 09:39:57
859,Askwboubsevqa,2024-10-10 12:35:21
860,Cjzambdvs,2024-10-06 08:22:14
861,Gbpusgkqgrjir,2024-10-20 21:52:46
862,Nipgbudqm,2024-10-30 17:17:12
863,Uocbyju,2024-10-09 06:45:44
864,Zahwybygmlbwkb,2024-10-20 15:03:38
865,Ifslniqruu,2024-10-23 12:15:03
866,Qzqoqrsudhs,2024-10-04 06:12:55
867,Gtmerizpzzhpb,2024-10-15 20:35:25
868,Ayfojxrh,2024-10-21 00:28:56
869,Begvk,2024-10-26 01:45:08
870,Hdcftds,2024-10-21 23:00:35
871,Dvxsxvsaw,2024-10-29 09:25:19
872,Eazwxu,2024-10-30 05:29:01
873,Hmxppixno,2024-10-08 14:42:34
874,Dcdioyyn,2024-10-20 13:35:58
875,Xyljezs,2024-10-11 23:14:11
876,Kqhcooephejjov,2024-10-29 14:47:14
877,Sgkijy,2024-10-12 21:41:15
878,Akkoblf,2024-10-24 06:02:46
879,Dfesoueoqiqfjgi,2024-10-13 22:28:25
880,Pbkjcsgtah,2024-10-06 14:23:05
881,Nkwwkauwm,2024-10-05 07:54:20
882,Kocdpke,2024-10-10 02:40:19
883,Yasgvwwxbdauwbb,2024-10-18 23:18:55
884,Shuot,2024-10-16 08:28:00
885,Pwfmbxpzrfraoq,2024-10-19 06:01:17
886,Ascolpjgkrrp,2024-10-08 01:00:17
887,Mngdpknngrai,2024-10-30 16:41:43
888,Hsehmnbetmma,2024-10-26 04:10:14
889,Bjztqsdhlkavfhn,2024-10-29 12:20:02
890,Wcsae,2024-10-02 15:05:40
891,Gnzaovlrr,2024-10-25 12:05:08
892,Utrmgus,2024-10-14 00:31:44
893,Xjdugzrhoaqol,2024-10-19 13:13:01
894,Uffon,2024-10-14 21:27:29
895,Wubghsb,2024-10-02 01:23:52
896,Sgfcn,2024-10-25 22:26:54
897,Lgnnt,2024-10-16 13:51:32
898,Jfbyj,2024-10-22 14:20:24
899,Yasisfktg,2024-10-10 18:52:33
900,Mvckvlltfeh,2024-10-01 22:32:42
901,Fkrmit,2024-10-30 08:15:03
902,Ihrvtlhshkfl,2024-10-26 05:49:10
903,Abscm,2024-10-23 12:01:14
904,Zjsivmmlrgincsa,2024-10-21 18:57:00
905,Jzcbkubhwyqbxs,2024-10-09 04:55:38
906,Rtnsmngxe,2024-10-01 05:17:13
907,Dtjlkxgmvagsgkh,2024-10-24 12:44:58
908,Tewiuxyc,2024-10-24 12:49:25
909,Hmiyrij,2024-10-14 09:31:45
910,Lyrsciac,2024-10-07 07:51:49
911,Nukjpimwvyjxzs,2024-10-14 23:52:48
912,Xgdssknnekufsqr,2024-10-26 04:42:22
913,Kytspbh,2024-10-22 00:34:54
914,Gihdfahfabtswxm,2024-10-31 15:54:16
915,Dovdnexagpuy,2024-10-03 22:22:59
916,Pmwiscmuprwir,2024-10-01 03:55:25
917,Ohaamx,2024-10-16 20:02:03
918,Qvtaptsynt,2024-10-04 09:37:33
919,Nkrlxgi,2024-10-09 16:22:33
920,Hmclcy,2024-10-13 20:25:13
921,Jugzqhnjxzfwj,2024-10-25 09:03:49
922,Gheywe,2024-10-14 04:39:20
923,Vexmhnhqywi,2024-10-06 00:17:11
924,Epdrfqneiejrln,2024-10-21 08:49:25
925,Elyrzvjw,2024-10-08 06:21:18
926,Raqckrwmd,2024-10-12 23:45:30
927,Olloig,2024-10-30 14:12:07
928,Zdhvchfxupow,2024-10-03 22:54:28
929,Czxxjpjhhxauu,2024-10-19 02:57:52
930,Iiyrqylafbccarq,2024-10-23 20:52:13
931,Sewfwugxfl,2024-10-06 23:35:33
932,Zftnliedyksrfm,2024-10-10 11:08:47
933,Wcgmxcezsuyvvfv,2024-10-26 15:48:01
934,Rvxrkye,2024-10-16 15:38:47
935,Rytyhfxffgkrzt,2024-10-11 22:26:28
936,Zkbsc,2024-10-07 10:47:38
937,Momznxlzyjuwvp,2024-10-17 03:58:36
938,Bxfbwru,2024-10-27 11:06:20
939,Wrijlfycffqwjid,2024-10-05 07:31:01
940,Vksmmuwdot,2024-10-14 22:26:01
941,Gfswtqkbe,2024-10-25 06:00:40
942,Znmsjbndvp,2024-10-28 19:40:14
943,Luxrdgo,2024-10-31 15:43:35
944,Mbhfzxfkjc,2024-10-01 02:29:20
945,Vygukswksklwf,2024-10-11 14:16:29
946,Nntzjjvrit,2024-10-10 13:28:07
947,Bknsbytgji,2024-10-21 15:39:45
948,Ylmaopssxbkg,2024-10-16 09:07:11
949,Owtmlybvl,2024-10-16 00:33:53
950,Ixaajjow,2024-10-05 10:41:41
951,Brwfb,2024-10-06 12:23:43
952,Qdzkblosectf,2024-10-20 09:14:41
953,Zlbwjxg,2024-10-12 18:43:33
954,Hkdunxk,2024-10-01 13:49:20
955,Mjeecmr,2024-10-11 03:08:19
956,Pusrlwlietk,2024-10-21 09:32:37
957,Tnjycskn,2024-10-16 09:27:00
958,Ckkksdsxutywvf,2024-10-11 09:14:54
959,Aehzihohsyx,2024-10-01 19:11:47
960,Ypabftqxypiiql,2024-10-26 16:26:35
961,Vpvry,2024-10-23 15:53:32
962,Ptzuhxh,2024-10-31 18:27:15
963,Dpxliwvhhzud,2024-10-29 23:55:27
964,Dxhhl,2024-10-30 15:19:45
965,Nrdabx,2024-10-21 09:26:42
966,Jxwsxlchzoayx,2024-10-05 07:10:36
967,Xzauuda,2024-10-18 06:52:05
968,Uiqen,2024-10-26 09:38:45
969,Azguivquisfziz,2024-10-03 22:53:49
970,Tglkeqpsdoc,2024-10-03 01:54:31
971,Hdqezde,2024-10-20 05:50:40
972,Domhgbhhocw,2024-10-07 05:58:10
973,Xhrybfypxc,2024-10-31 08:35:30
974,Nwfwgqtsquszgkz,2024-10-05 16:19:24
975,Isakvn,2024-10-25 06:47:24
976,Cmgwnkfzxw,2024-10-28 19:40:30
977,Sxygwlq,2024-10-28 20:53:36
978,Svnwqdvzjzdcqwf,2024-10-09 07:57:14
979,Pfisy,2024-10-23 16:09:23
980,Avvwzdnpo,2024-10-18 07:31:37
981,Tdifcshpbybcmta,2024-10-28 00:04:47
982,Vctbdlcwffvaju,2024-10-31 09:38:28
983,Tyqgeyqmwirexg,2024-10-24 10:31:22
984,Agyeb,2024-10-07 21:26:22
985,Ahrjel,2024-10-19 06:40:21
986,Eqfeqwi,2024-10-28 01:12:44
987,Mqjnmmccqlgzfya,2024-10-25 07:13:31
988,Rymzlcmmbbhjzxk,2024-10-14 09:04:09
989,Zujmphclulyt,2024-10-04 12:27:49
990,Ligwdispmkwwty,2024-10-22 03:27:36
991,Trnacngwjmihog,2024-10-26 16:58:43
992,Ehqlxz,2024-10-08 00:04:36
993,Sxfumz,2024-10-25 16:41:23
994,Haebwb,2024-10-15 19:29:08
995,Fegxxvd,2024-10-25 19:10:58
996,Dansebbkhykzo,2024-10-14 17:46:58
997,Pbtmdb,2024-10-19 06:26:07
998,Rzovagpuyixmax,2024-10-06 02:56:07
999,Lfcbxyhw,2024-10-07 12:33:17
1000,Alrucvzflrz,2024-10-05 22:03:13
