1,Manager,19
2,Employee,15
3,Worker,13
4,Assistant_Manger,17
5,Worker,13
6,Staff,10
7,Manager,19
8,Assistant_Manger,17
9,Assistant_Manger,17
10,Employee,15
11,Staff,10
12,Assistant_Manger,17
13,Assistant_Manger,17
14,Assistant_Manger,17
15,Staff,10
16,Worker,13
17,Worker,13
18,Worker,13
19,Assistant_Manger,17
20,Assistant_Manger,17
21,Staff,10
22,Manager,19
23,Staff,10
24,Worker,13
25,Assistant_Manger,17
26,Manager,19
27,Assistant_Manger,17
28,Employee,15
29,Employee,15
30,Manager,19
31,Employee,15
32,Worker,13
33,Manager,19
34,Staff,10
35,Assistant_Manger,17
36,Worker,13
37,Worker,13
38,Staff,10
39,Worker,13
40,Employee,15
41,Staff,10
42,Employee,15
43,Worker,13
44,Manager,19
45,Manager,19
46,Manager,19
47,Manager,19
48,Worker,13
49,Assistant_Manger,17
50,Manager,19
51,Employee,15
52,Staff,10
53,Staff,10
54,Manager,19
55,Worker,13
56,Manager,19
57,Worker,13
58,Manager,19
59,Worker,13
60,Staff,10
61,Assistant_Manger,17
62,Employee,15
63,Worker,13
64,Manager,19
65,Worker,13
66,Assistant_Manger,17
67,Assistant_Manger,17
68,Assistant_Manger,17
69,Employee,15
70,Staff,10
71,Manager,19
72,Staff,10
73,Assistant_Manger,17
74,Staff,10
75,Staff,10
76,Manager,19
77,Employee,15
78,Employee,15
79,Manager,19
80,Assistant_Manger,17
81,Worker,13
82,Worker,13
83,Worker,13
84,Manager,19
85,Worker,13
86,Manager,19
87,Manager,19
88,Staff,10
89,Manager,19
90,Staff,10
91,Staff,10
92,Worker,13
93,Staff,10
94,Staff,10
95,Manager,19
96,Staff,10
97,Staff,10
98,Staff,10
99,Worker,13
100,Employee,15
101,Employee,15
102,Assistant_Manger,17
103,Assistant_Manger,17
104,Assistant_Manger,17
105,Employee,15
106,Assistant_Manger,17
107,Assistant_Manger,17
108,Staff,10
109,Worker,13
110,Assistant_Manger,17
111,Employee,15
112,Manager,19
113,Manager,19
114,Worker,13
115,Worker,13
116,Assistant_Manger,17
117,Manager,19
118,Assistant_Manger,17
119,Assistant_Manger,17
120,Employee,15
121,Manager,19
122,Manager,19
123,Manager,19
124,Manager,19
125,Assistant_Manger,17
126,Staff,10
127,Employee,15
128,Assistant_Manger,17
129,Worker,13
130,Manager,19
131,Worker,13
132,Assistant_Manger,17
133,Staff,10
134,Worker,13
135,Staff,10
136,Employee,15
137,Assistant_Manger,17
138,Staff,10
139,Staff,10
140,Assistant_Manger,17
141,Assistant_Manger,17
142,Employee,15
143,Employee,15
144,Manager,19
145,Manager,19
146,Manager,19
147,Manager,19
148,Staff,10
149,Worker,13
150,Employee,15
151,Manager,19
152,Worker,13
153,Worker,13
154,Manager,19
155,Manager,19
156,Employee,15
157,Staff,10
158,Employee,15
159,Assistant_Manger,17
160,Employee,15
161,Manager,19
162,Staff,10
163,Employee,15
164,Assistant_Manger,17
165,Assistant_Manger,17
166,Staff,10
167,Employee,15
168,Assistant_Manger,17
169,Manager,19
170,Employee,15
171,Manager,19
172,Worker,13
173,Employee,15
174,Worker,13
175,Employee,15
176,Assistant_Manger,17
177,Employee,15
178,Staff,10
179,Staff,10
180,Employee,15
181,Employee,15
182,Assistant_Manger,17
183,Employee,15
184,Employee,15
185,Assistant_Manger,17
186,Manager,19
187,Worker,13
188,Staff,10
189,Employee,15
190,Assistant_Manger,17
191,Worker,13
192,Staff,10
193,Assistant_Manger,17
194,Manager,19
195,Assistant_Manger,17
196,Employee,15
197,Staff,10
198,Assistant_Manger,17
199,Manager,19
200,Worker,13
201,Employee,15
202,Employee,15
203,Employee,15
204,Employee,15
205,Worker,13
206,Staff,10
207,Manager,19
208,Assistant_Manger,17
209,Assistant_Manger,17
210,Staff,10
211,Worker,13
212,Staff,10
213,Assistant_Manger,17
214,Worker,13
215,Worker,13
216,Employee,15
217,Employee,15
218,Worker,13
219,Assistant_Manger,17
220,Employee,15
221,Manager,19
222,Manager,19
223,Staff,10
224,Manager,19
225,Worker,13
226,Manager,19
227,Assistant_Manger,17
228,Assistant_Manger,17
229,Assistant_Manger,17
230,Worker,13
231,Assistant_Manger,17
232,Worker,13
233,Worker,13
234,Assistant_Manger,17
235,Manager,19
236,Employee,15
237,Worker,13
238,Staff,10
239,Worker,13
240,Staff,10
241,Manager,19
242,Worker,13
243,Manager,19
244,Assistant_Manger,17
245,Worker,13
246,Manager,19
247,Employee,15
248,Manager,19
249,Employee,15
250,Employee,15
251,Assistant_Manger,17
252,Manager,19
253,Manager,19
254,Staff,10
255,Employee,15
256,Employee,15
257,Manager,19
258,Manager,19
259,Worker,13
260,Assistant_Manger,17
261,Assistant_Manger,17
262,Staff,10
263,Staff,10
264,Staff,10
265,Assistant_Manger,17
266,Assistant_Manger,17
267,Assistant_Manger,17
268,Manager,19
269,Staff,10
270,Worker,13
271,Staff,10
272,Manager,19
273,Staff,10
274,Manager,19
275,Employee,15
276,Staff,10
277,Staff,10
278,Worker,13
279,Worker,13
280,Assistant_Manger,17
281,Staff,10
282,Staff,10
283,Worker,13
284,Staff,10
285,Staff,10
286,Manager,19
287,Worker,13
288,Staff,10
289,Assistant_Manger,17
290,Assistant_Manger,17
291,Assistant_Manger,17
292,Worker,13
293,Employee,15
294,Worker,13
295,Employee,15
296,Employee,15
297,Employee,15
298,Manager,19
299,Employee,15
300,Worker,13
301,Employee,15
302,Employee,15
303,Employee,15
304,Employee,15
305,Manager,19
306,Manager,19
307,Employee,15
308,Manager,19
309,Manager,19
310,Worker,13
311,Employee,15
312,Staff,10
313,Staff,10
314,Staff,10
315,Worker,13
316,Assistant_Manger,17
317,Assistant_Manger,17
318,Employee,15
319,Worker,13
320,Manager,19
321,Worker,13
322,Staff,10
323,Assistant_Manger,17
324,Staff,10
325,Worker,13
326,Manager,19
327,Employee,15
328,Employee,15
329,Assistant_Manger,17
330,Assistant_Manger,17
331,Employee,15
332,Assistant_Manger,17
333,Worker,13
334,Manager,19
335,Staff,10
336,Manager,19
337,Staff,10
338,Staff,10
339,Staff,10
340,Assistant_Manger,17
341,Staff,10
342,Manager,19
343,Staff,10
344,Worker,13
345,Manager,19
346,Employee,15
347,Assistant_Manger,17
348,Assistant_Manger,17
349,Worker,13
350,Manager,19
351,Assistant_Manger,17
352,Assistant_Manger,17
353,Staff,10
354,Employee,15
355,Worker,13
356,Manager,19
357,Worker,13
358,Manager,19
359,Staff,10
360,Staff,10
361,Manager,19
362,Manager,19
363,Worker,13
364,Staff,10
365,Assistant_Manger,17
366,Manager,19
367,Manager,19
368,Assistant_Manger,17
369,Worker,13
370,Employee,15
371,Worker,13
372,Assistant_Manger,17
373,Worker,13
374,Employee,15
375,Worker,13
376,Employee,15
377,Staff,10
378,Worker,13
379,Employee,15
380,Assistant_Manger,17
381,Worker,13
382,Assistant_Manger,17
383,Employee,15
384,Staff,10
385,Employee,15
386,Manager,19
387,Employee,15
388,Assistant_Manger,17
389,Staff,10
390,Employee,15
391,Manager,19
392,Employee,15
393,Worker,13
394,Staff,10
395,Employee,15
396,Worker,13
397,Employee,15
398,Assistant_Manger,17
399,Staff,10
400,Manager,19
401,Employee,15
402,Staff,10
403,Employee,15
404,Assistant_Manger,17
405,Staff,10
406,Assistant_Manger,17
407,Employee,15
408,Staff,10
409,Staff,10
410,Manager,19
411,Staff,10
412,Worker,13
413,Staff,10
414,Staff,10
415,Assistant_Manger,17
416,Assistant_Manger,17
417,Employee,15
418,Manager,19
419,Manager,19
420,Employee,15
421,Assistant_Manger,17
422,Worker,13
423,Worker,13
424,Employee,15
425,Assistant_Manger,17
426,Assistant_Manger,17
427,Assistant_Manger,17
428,Employee,15
429,Staff,10
430,Manager,19
431,Manager,19
432,Worker,13
433,Staff,10
434,Staff,10
435,Assistant_Manger,17
436,Worker,13
437,Worker,13
438,Staff,10
439,Worker,13
440,Worker,13
441,Employee,15
442,Manager,19
443,Employee,15
444,Staff,10
445,Assistant_Manger,17
446,Manager,19
447,Staff,10
448,Staff,10
449,Employee,15
450,Assistant_Manger,17
451,Manager,19
452,Employee,15
453,Manager,19
454,Manager,19
455,Employee,15
456,Worker,13
457,Employee,15
458,Employee,15
459,Staff,10
460,Worker,13
461,Worker,13
462,Staff,10
463,Assistant_Manger,17
464,Assistant_Manger,17
465,Manager,19
466,Staff,10
467,Assistant_Manger,17
468,Staff,10
469,Worker,13
470,Employee,15
471,Worker,13
472,Employee,15
473,Staff,10
474,Staff,10
475,Worker,13
476,Assistant_Manger,17
477,Staff,10
478,Manager,19
479,Staff,10
480,Manager,19
481,Staff,10
482,Assistant_Manger,17
483,Employee,15
484,Assistant_Manger,17
485,Assistant_Manger,17
486,Worker,13
487,Worker,13
488,Worker,13
489,Staff,10
490,Assistant_Manger,17
491,Employee,15
492,Staff,10
493,Manager,19
494,Employee,15
495,Assistant_Manger,17
496,Assistant_Manger,17
497,Employee,15
498,Assistant_Manger,17
499,Worker,13
500,Assistant_Manger,17
501,Worker,13
502,Staff,10
503,Manager,19
504,Worker,13
505,Worker,13
506,Assistant_Manger,17
507,Staff,10
508,Assistant_Manger,17
509,Staff,10
510,Manager,19
511,Employee,15
512,Worker,13
513,Manager,19
514,Employee,15
515,Staff,10
516,Worker,13
517,Employee,15
518,Staff,10
519,Employee,15
520,Manager,19
521,Employee,15
522,Manager,19
523,Manager,19
524,Manager,19
525,Staff,10
526,Manager,19
527,Manager,19
528,Employee,15
529,Employee,15
530,Staff,10
531,Manager,19
532,Staff,10
533,Assistant_Manger,17
534,Assistant_Manger,17
535,Employee,15
536,Employee,15
537,Staff,10
538,Worker,13
539,Staff,10
540,Employee,15
541,Staff,10
542,Worker,13
543,Assistant_Manger,17
544,Staff,10
545,Employee,15
546,Employee,15
547,Employee,15
548,Staff,10
549,Worker,13
550,Manager,19
551,Staff,10
552,Assistant_Manger,17
553,Staff,10
554,Employee,15
555,Manager,19
556,Worker,13
557,Manager,19
558,Staff,10
559,Manager,19
560,Assistant_Manger,17
561,Staff,10
562,Manager,19
563,Employee,15
564,Manager,19
565,Assistant_Manger,17
566,Assistant_Manger,17
567,Worker,13
568,Employee,15
569,Employee,15
570,Employee,15
571,Employee,15
572,Assistant_Manger,17
573,Staff,10
574,Employee,15
575,Staff,10
576,Worker,13
577,Manager,19
578,Manager,19
579,Manager,19
580,Worker,13
581,Manager,19
582,Employee,15
583,Staff,10
584,Manager,19
585,Staff,10
586,Manager,19
587,Employee,15
588,Staff,10
589,Staff,10
590,Staff,10
591,Manager,19
592,Manager,19
593,Manager,19
594,Worker,13
595,Assistant_Manger,17
596,Manager,19
597,Worker,13
598,Assistant_Manger,17
599,Employee,15
600,Worker,13
601,Staff,10
602,Employee,15
603,Manager,19
604,Staff,10
605,Employee,15
606,Assistant_Manger,17
607,Worker,13
608,Employee,15
609,Worker,13
610,Assistant_Manger,17
611,Worker,13
612,Assistant_Manger,17
613,Assistant_Manger,17
614,Worker,13
615,Staff,10
616,Manager,19
617,Worker,13
618,Staff,10
619,Manager,19
620,Manager,19
621,Manager,19
622,Assistant_Manger,17
623,Employee,15
624,Manager,19
625,Worker,13
626,Manager,19
627,Employee,15
628,Manager,19
629,Assistant_Manger,17
630,Assistant_Manger,17
631,Employee,15
632,Manager,19
633,Manager,19
634,Manager,19
635,Manager,19
636,Worker,13
637,Manager,19
638,Employee,15
639,Manager,19
640,Staff,10
641,Employee,15
642,Employee,15
643,Staff,10
644,Worker,13
645,Manager,19
646,Employee,15
647,Staff,10
648,Assistant_Manger,17
649,Manager,19
650,Assistant_Manger,17
651,Worker,13
652,Staff,10
653,Manager,19
654,Assistant_Manger,17
655,Assistant_Manger,17
656,Employee,15
657,Staff,10
658,Worker,13
659,Worker,13
660,Worker,13
661,Staff,10
662,Worker,13
663,Assistant_Manger,17
664,Manager,19
665,Assistant_Manger,17
666,Employee,15
667,Staff,10
668,Manager,19
669,Employee,15
670,Worker,13
671,Staff,10
672,Manager,19
673,Employee,15
674,Employee,15
675,Manager,19
676,Worker,13
677,Assistant_Manger,17
678,Worker,13
679,Employee,15
680,Manager,19
681,Worker,13
682,Employee,15
683,Assistant_Manger,17
684,Staff,10
685,Worker,13
686,Worker,13
687,Manager,19
688,Worker,13
689,Manager,19
690,Worker,13
691,Assistant_Manger,17
692,Employee,15
693,Assistant_Manger,17
694,Staff,10
695,Employee,15
696,Manager,19
697,Assistant_Manger,17
698,Manager,19
699,Employee,15
700,Manager,19
701,Worker,13
702,Manager,19
703,Worker,13
704,Staff,10
705,Staff,10
706,Manager,19
707,Worker,13
708,Manager,19
709,Employee,15
710,Worker,13
711,Assistant_Manger,17
712,Worker,13
713,Manager,19
714,Employee,15
715,Staff,10
716,Worker,13
717,Manager,19
718,Manager,19
719,Assistant_Manger,17
720,Staff,10
721,Worker,13
722,Worker,13
723,Employee,15
724,Employee,15
725,Assistant_Manger,17
726,Staff,10
727,Staff,10
728,Staff,10
729,Assistant_Manger,17
730,Employee,15
731,Staff,10
732,Employee,15
733,Employee,15
734,Manager,19
735,Manager,19
736,Staff,10
737,Assistant_Manger,17
738,Staff,10
739,Employee,15
740,Manager,19
741,Employee,15
742,Manager,19
743,Worker,13
744,Staff,10
745,Manager,19
746,Manager,19
747,Manager,19
748,Staff,10
749,Employee,15
750,Manager,19
751,Staff,10
752,Employee,15
753,Worker,13
754,Staff,10
755,Assistant_Manger,17
756,Worker,13
757,Manager,19
758,Assistant_Manger,17
759,Worker,13
760,Manager,19
761,Employee,15
762,Worker,13
763,Employee,15
764,Worker,13
765,Assistant_Manger,17
766,Manager,19
767,Employee,15
768,Manager,19
769,Assistant_Manger,17
770,Manager,19
771,Manager,19
772,Employee,15
773,Assistant_Manger,17
774,Manager,19
775,Staff,10
776,Staff,10
777,Manager,19
778,Assistant_Manger,17
779,Staff,10
780,Staff,10
781,Employee,15
782,Employee,15
783,Employee,15
784,Staff,10
785,Manager,19
786,Assistant_Manger,17
787,Employee,15
788,Assistant_Manger,17
789,Manager,19
790,Employee,15
791,Employee,15
792,Manager,19
793,Manager,19
794,Employee,15
795,Employee,15
796,Assistant_Manger,17
797,Manager,19
798,Worker,13
799,Worker,13
800,Manager,19
801,Manager,19
802,Assistant_Manger,17
803,Worker,13
804,Assistant_Manger,17
805,Staff,10
806,Assistant_Manger,17
807,Assistant_Manger,17
808,Staff,10
809,Staff,10
810,Assistant_Manger,17
811,Staff,10
812,Worker,13
813,Manager,19
814,Staff,10
815,Employee,15
816,Manager,19
817,Staff,10
818,Worker,13
819,Assistant_Manger,17
820,Assistant_Manger,17
821,Staff,10
822,Worker,13
823,Assistant_Manger,17
824,Manager,19
825,Assistant_Manger,17
826,Worker,13
827,Manager,19
828,Employee,15
829,Assistant_Manger,17
830,Manager,19
831,Worker,13
832,Manager,19
833,Manager,19
834,Staff,10
835,Worker,13
836,Assistant_Manger,17
837,Assistant_Manger,17
838,Worker,13
839,Assistant_Manger,17
840,Worker,13
841,Staff,10
842,Employee,15
843,Manager,19
844,Assistant_Manger,17
845,Staff,10
846,Staff,10
847,Manager,19
848,Staff,10
849,Assistant_Manger,17
850,Staff,10
851,Staff,10
852,Employee,15
853,Staff,10
854,Assistant_Manger,17
855,Employee,15
856,Employee,15
857,Staff,10
858,Manager,19
859,Staff,10
860,Worker,13
861,Worker,13
862,Staff,10
863,Staff,10
864,Manager,19
865,Employee,15
866,Worker,13
867,Worker,13
868,Manager,19
869,Employee,15
870,Worker,13
871,Employee,15
872,Manager,19
873,Worker,13
874,Worker,13
875,Manager,19
876,Employee,15
877,Assistant_Manger,17
878,Employee,15
879,Staff,10
880,Manager,19
881,Worker,13
882,Employee,15
883,Manager,19
884,Staff,10
885,Worker,13
886,Employee,15
887,Worker,13
888,Staff,10
889,Worker,13
890,Staff,10
891,Manager,19
892,Staff,10
893,Worker,13
894,Assistant_Manger,17
895,Employee,15
896,Assistant_Manger,17
897,Assistant_Manger,17
898,Assistant_Manger,17
899,Employee,15
900,Assistant_Manger,17
901,Employee,15
902,Assistant_Manger,17
903,Manager,19
904,Staff,10
905,Worker,13
906,Employee,15
907,Worker,13
908,Assistant_Manger,17
909,Staff,10
910,Worker,13
911,Employee,15
912,Manager,19
913,Worker,13
914,Employee,15
915,Worker,13
916,Employee,15
917,Assistant_Manger,17
918,Manager,19
919,Employee,15
920,Worker,13
921,Staff,10
922,Worker,13
923,Employee,15
924,Manager,19
925,Staff,10
926,Worker,13
927,Employee,15
928,Staff,10
929,Worker,13
930,Employee,15
931,Assistant_Manger,17
932,Staff,10
933,Employee,15
934,Employee,15
935,Manager,19
936,Assistant_Manger,17
937,Worker,13
938,Worker,13
939,Manager,19
940,Assistant_Manger,17
941,Employee,15
942,Worker,13
943,Staff,10
944,Staff,10
945,Manager,19
946,Worker,13
947,Worker,13
948,Manager,19
949,Assistant_Manger,17
950,Staff,10
951,Staff,10
952,Manager,19
953,Manager,19
954,Manager,19
955,Employee,15
956,Employee,15
957,Employee,15
958,Manager,19
959,Employee,15
960,Staff,10
961,Assistant_Manger,17
962,Employee,15
963,Assistant_Manger,17
964,Staff,10
965,Employee,15
966,Assistant_Manger,17
967,Staff,10
968,Manager,19
969,Employee,15
970,Worker,13
971,Worker,13
972,Manager,19
973,Staff,10
974,Worker,13
975,Staff,10
976,Worker,13
977,Assistant_Manger,17
978,Staff,10
979,Assistant_Manger,17
980,Employee,15
981,Worker,13
982,Staff,10
983,Manager,19
984,Assistant_Manger,17
985,Assistant_Manger,17
986,Worker,13
987,Staff,10
988,Manager,19
989,Employee,15
990,Manager,19
991,Worker,13
992,Staff,10
993,Employee,15
994,Manager,19
995,Assistant_Manger,17
996,Employee,15
997,Assistant_Manger,17
998,Assistant_Manger,17
999,Manager,19
1000,Assistant_Manger,17
