id,name,age,country
1c82514a-38cc-4e6a-957e-04324f9a34ec,Tkpaxbshmffjh,30,Nigeria
a8fddcdd-14dd-492c-a9ce-398c878d5ed7,Xrwyjxpgzbmlj,25,South Africa
ea52bbe6-de09-4347-b930-e58d41fd8bca,Wkcqapmso,51,Japan
a9f70314-4350-4627-bf16-bff549f28395,Ksonrjfz,22,Germany
da42fae0-0f14-402a-819a-6c6d1533bc6a,Bxdyaunsyj,46,USA
bfbb944b-cb33-433d-9bde-1e7db285506c,Fltdeaawc,29,Australia
8a6fdddc-6998-4b29-ad7b-b1a899f4c9a4,Bixihmwgotmwoz,60,Brazil
2b7b3e7c-72e9-4910-8da7-b064394dbe34,Nnwfq,21,Germany
3a5c3312-b95e-43fb-8020-c948843c097f,Fic,49,Japan
4b9990ff-8b48-4eab-a738-2531ba6ad6b6,Qlwmsqsi,49,USA
38e2647a-6d82-4da9-8008-1cf152395ea2,Edbdxvomuye,46,South Africa
b7ea4a73-aae4-449b-8515-223cf36cfd7f,Abtbwbjczqdxg,45,Canada
c217341f-a3f3-45fd-97ed-a6761d7e0497,Lsdgxshq,48,Brazil
b5a1a911-07a9-41bb-8628-28b199a65166,Birghhlqr,46,Brazil
42eb9f69-575c-4686-bc09-c9b66f9a0c1e,Jmjkrbbbmvcmf,31,India
f5fe8fd9-e5c0-44e4-bd3a-11fe9a53bb75,Dvlspophpr,26,France
78bb2646-78f7-44e5-b057-a794afcda1ec,Wttdy,33,Japan
f4f64d44-5cef-4cde-afe0-6762b01fe246,Uafwzvm,37,Canada
307d36d2-7bdc-4e6f-ac95-c05bfbf8b0d8,Upfvfaitooac,21,Australia
e5b5df8d-d7fb-4d26-8701-b12b74cee82a,Yleefbfloujp,23,USA
c3cee4a8-1705-4cad-9197-134fb8dff76b,Qmtwsy,59,Germany
16a31a3a-fb61-4216-a7fa-3980054f21e4,Hqcsfffycan,38,India
c105d8cd-2032-48e4-9810-3984163b5c9a,Hatrlluytevl,22,USA
dbf77437-76bf-4d7b-b249-2bf7e21598e8,Wtm,57,Nigeria
9e68f1c0-696f-4680-80eb-4066b0485f50,Rbdrpobweyvfoxr,27,Australia
765b87ba-18a2-4d17-bd2e-ebf9a6e83e03,Uychbmlhmsmap,52,Germany
415b43ca-ab89-49ea-a184-f87703dbf7c1,Xfuotmogjemjb,32,Canada
53e04341-0078-4726-8a62-828619368abd,Altgjvptwh,48,India
401e8810-9fd0-4d70-b2f4-76ec33068eed,Vzrpta,57,Nigeria
6d5bf66a-d997-4023-8fd9-6194de805575,Wmqqyjvftrsxqy,34,India
3f84ac95-1b8e-4c1a-9718-71729c1de784,Hzqyamj,60,India
d16daa5a-3176-48f7-a679-526993b3e42a,Ofhorshk,50,Canada
a62914c9-bf72-4250-bf36-7e43b254930e,Elenfejiruz,39,Brazil
843bd4fa-ab1a-4f29-b0b0-802a26e47216,Llotqkcaa,36,Germany
b68e5b96-69a6-4e94-bda5-7bff31ba2a3c,Wnutanln,53,Japan
10f61373-f320-430b-9c5e-2237f5dac9a8,Tkco,55,India
ba9db27e-9103-4dce-a332-d5f399db2d9b,Pfotpzizex,40,South Africa
fe1c652b-6558-4b4d-a017-8c70bd30cab8,Syxco,29,France
b234c17d-1332-49da-8585-471c06a3b8d7,Osfrad,59,France
736265f5-a567-4211-b161-436a87acac54,Jbebqpgu,18,Canada
c0de5a36-3ac5-47f5-af46-992ea613bef7,Hyuzijilzqalwlg,41,France
d2691e59-887e-45e6-9b47-8cd8dac0b5f6,Efenzp,44,Australia
1f6c9371-b19a-4a5e-b50d-43db99ff35b4,Lxnhcesolpfkhq,25,Canada
cc49f090-96ec-466e-8722-76cd5ce3232e,Bdgygzuwmwk,20,South Africa
15f724a5-4727-4689-b56e-9ad73b3c9649,Urjrrjjlif,58,USA
290c41b1-333a-4c5f-bc18-5721df4b452c,Rjdfxiwyogbzhl,18,USA
5604f84a-eba7-4253-87a3-e52410cf5b62,Utt,52,Australia
c3e7e0f1-d4a9-4aad-84a6-8f4fe16243de,Yevynnhbq,29,France
0ab3d70e-be54-49b6-8550-8c9045e8b536,Oclakv,48,India
351cf151-ef45-4727-a977-0127d267ec6a,Revtpmivs,31,France
b6048adc-f60a-44fe-8d0e-d6339be5ec48,Hzlmchojf,57,Australia
13d64f3b-a933-49ea-acfe-4aa2d80bed3d,Xxitygxv,57,Australia
998b342b-8b54-4df9-b2f7-23a98279ddb7,Nhgcigntcdyyj,19,Australia
db01b812-94c7-4700-81f3-8a838c70baee,Lmlt,44,South Africa
a5fa81a0-c231-412f-b9bb-8087e7083d35,Jfiztfawz,49,USA
98cc0d7d-5874-496d-ac71-f78ccf811d8c,Isjvtdtkooet,25,Brazil
ac313d0e-dc62-48e0-9a07-10eacee78f71,Hcmfwfngpsc,19,India
982fdf46-f822-46e5-8c21-94f5ff34393e,Ifd,52,Canada
21579c86-6d1c-4e0e-989e-7ae9920db50f,Mdwoszcmbncc,38,USA
500e7410-ad50-453d-9cb2-d4d7778edf27,Zysrviolrgdcoli,19,South Africa
605e340b-fab7-489c-98db-7b7b8d3f4fba,Qpqnorxlnq,48,Canada
49326d97-c62f-4453-9af6-e11fcc3f8518,Gomfjuscwzy,60,Canada
ef45037b-c86e-48bc-814f-0ee3152c4c9d,Aluffgjjaarntzl,48,USA
a9705be0-1e8c-4152-a147-5820510b8af3,Goijgeb,60,Japan
31021427-cff6-4afc-b46a-ccb8a126f7ff,Iyrnhzcifbdsanc,47,India
6c066973-2433-4317-b86d-d35f56df8d75,Zqjhqjmkmdisx,60,India
8261200d-c215-4ae2-b801-b52c3aef17ac,Kunmks,36,South Africa
c9c91b60-a83a-4706-9d47-7feae20d4229,Ahxumbgucnr,36,South Africa
8a06c4ac-aa0f-4e4f-b388-b7d8d522eb5d,Zocsswbs,57,Germany
aa672c57-377b-40e8-9353-767734171a2f,Ydzksuiyow,37,USA
4a5fc884-3dc8-4b0e-b95e-463a7ec93edc,Tcus,47,Japan
c8a6c2e0-4754-49c3-b18b-558db4ca3f11,Hdcmrqbkvxpqdxs,31,Australia
cbc385ed-72ed-488a-ad1a-d737b1ff5d19,Nnzsa,28,Australia
e5dc0603-d931-4ecd-8152-286d62244432,Wxtxdqspu,39,Germany
49866fde-1d77-4f5d-8c5d-7780873fabec,Lejh,31,South Africa
71213e8a-6a05-4f2f-9479-eccc4ec883c8,Kvxdv,25,France
54bed21f-717a-49e3-9ccc-9a1ad4c0fbde,Lyyjupv,19,Germany
cd96a9b1-a2a2-4490-91cf-f5b082006082,Qep,48,Germany
61454ead-81fc-43cd-a931-d9f9657090fd,Nee,28,Brazil
3fe56730-5140-4c1e-a207-32036b822eae,Oxyc,40,USA
8b158a23-54c4-42d4-8f84-49d26936a6fe,Bchmye,35,USA
8dab7ea7-b3cd-4925-a626-93ead77788ef,Oqigfxithzkbsv,18,South Africa
cf7258d2-fde2-4520-b8e9-d3ab1d2d2a63,Gostir,30,Nigeria
eebcb2a4-a30e-4bc5-ba35-4adaecb487dc,Rnaizjeuezfqst,19,Brazil
23d40c85-e309-4f57-a824-3e657a2d0fd2,Zrxzu,44,France
5e90ff0f-7bcc-4b77-9bde-ab109759eb48,Lmcij,57,South Africa
1aebbb07-244b-4f7c-b865-c9f230f04ab1,Rhgipsg,36,Brazil
bf050616-1304-445a-994f-76e58a63eb57,Scwpgne,36,Brazil
160420eb-2046-4579-a5c7-e13ded0231f1,Ybrmmrgchrczud,35,USA
579535d3-dc49-45e6-b1fb-72eb52545966,Lwgdxqhuj,55,Canada
813dc45f-11b8-4457-ba0b-ca92f16471dc,Uoikgb,32,USA
903c4f4d-b8a0-49a5-804c-461a3f09a7d6,Glqcuocrolkz,45,France
48f41cfd-4bc7-47ca-98bb-1bf5b41b4b00,Lkd,20,Nigeria
48b7114b-2c37-453a-b150-e18a30e2dee3,Vtfrqfwnod,41,France
f16eb63a-37d5-43c3-8c18-cd21b0648532,Uwfm,43,Japan
8c44bced-2212-41cc-8e67-7040fe2f48df,Qlyns,53,Brazil
6c423599-43bf-44e9-909a-e0b4665fa8d4,Xtbxevqoprykauu,52,Brazil
42cfbe5e-4754-472c-b7a9-3dbfea8df38f,Frjpwktsifua,32,Nigeria
01a07140-b971-4e1d-9428-7a81fb2efa64,Azmajzw,60,Germany
cd3ee3da-e672-4c74-a59e-149dac2c0fcd,Opj,56,South Africa
c59d809c-d87c-41a2-a7f5-25df60cb1543,Wahmr,26,France
ad6b893b-74e0-4585-aff6-1cc089313bc6,Kqyhpjuoimz,32,Germany
22884786-cbd4-4045-870b-63748486b4cb,Qcnvdlgzlnau,43,Japan
d814639d-8f5c-4c38-9c0d-e4cd631442a9,Ajlh,34,Nigeria
9b06fb3a-0ff4-4a1b-84aa-36d56ce2f35a,Srvpm,23,Nigeria
20a05dc2-a169-4552-be85-72639f0710e5,Hti,20,Brazil
141c69c1-ee5a-4166-8649-d7aabd09fec7,Kpt,50,Canada
fcb204d7-b91c-4ed4-9d4c-5732e608a1e5,Hmkdyq,27,Australia
a86a9617-ee05-4dae-849b-f5ca6c7798e1,Drjl,24,South Africa
d564dd78-fd08-48f0-9e21-adde7d309257,Dva,28,Germany
29b55a77-cd41-447e-aedc-180628624c1b,Mwrwno,35,USA
89e59f35-dc73-404d-968f-1209eddca196,Grixvrw,29,USA
e28130fc-9426-41cb-8b6c-532266c9fbb1,Kfa,59,USA
29ff4008-b296-41c2-8f7e-4e6d6872dae1,Hdst,33,India
63615c8e-eb98-4fd6-934b-a0610cc3392a,Osf,25,Germany
c92110bb-3313-42d8-8352-e30a873aa8f4,Fpwsddhs,52,India
190cf712-236b-481c-8b66-1f1787d5b041,Nrahnks,33,India
4e890363-7e2b-4e89-b505-33a3cc6378f5,Wwhys,42,Japan
fb7252dd-80b0-474e-a693-051771c67cd9,Eummsddp,38,South Africa
2abf0495-76dc-4d2d-ae62-ad09bb84015d,Rluvgzzhlidee,46,Japan
bc57eaff-5ef1-48fc-895d-f1396fda8499,Hwycev,52,Germany
6abf4bbb-173f-49a8-927e-49b7745db6df,Urbyi,48,Australia
a7601388-1237-4910-8c80-248f084f8326,Byynlkwl,47,USA
e9f467d4-6139-4a80-8987-77dbd5d3acc5,Cvkdya,52,Canada
1ee0748d-f501-4c2c-ba51-22e7ac1301e0,Bsbx,51,Japan
b8a77aec-36d5-49ed-9423-fd3e3778e09c,Lqbdyjxesgud,58,Japan
687ec086-bbea-4b15-adb8-d486482e0f41,Atdlssz,20,South Africa
12c18b20-0c53-4f92-97be-a993c7cc7b51,Ehijc,52,Australia
1a499ecb-ee81-4042-8f65-565c60155d3e,Qhothzwq,41,South Africa
988a7f0b-c8ca-4dc9-a07e-73a2b0fc3514,Nfkg,22,Australia
8c563492-053a-4cd4-9225-d3a1a70cd679,Shibrsdotfwskwy,33,India
65ae820f-97ba-4123-bddd-200889ca1c74,Qebwrj,19,France
84cdd67f-e9b8-4ac9-a6a6-add37c977146,Rshfuvqnv,40,Nigeria
ba5aa479-3dbe-4d76-8464-b70c4fd99bf6,Vadjuwpbvtdqkxo,51,France
2d05da83-333f-46f1-b500-b79f0294bc18,Tpncfkdxzazpdcc,38,Brazil
02cd9997-b044-4590-8d9c-c104c617a88b,Umgrcjafju,20,Nigeria
2d7d09c0-5517-4de8-84b0-6458e401b24a,Crvmjf,37,USA
a1354798-6737-42c8-9971-d36e2bc34d86,Gtzdqiu,35,Nigeria
94002be6-d7ba-407d-a0ca-998f943888b2,Owuixzohes,40,Nigeria
dfefddcd-21ff-4604-ba5f-73f8ba0a52f2,Dxqqsgmhy,50,Brazil
66719ef7-b9e6-4975-9768-13ce413c27b2,Evi,49,South Africa
414a130e-c739-42e7-9b59-024a4a2ae9c8,Zfgbnss,26,Canada
ae62f03d-14ff-4826-aa73-80a378475623,Yhybivrzkfn,37,South Africa
1f3021cd-6dad-428c-a1a9-149ce6c23d1f,Jysnyzfetnt,30,Germany
15f51e0a-b668-4fb1-a2eb-1adc015bf504,Dhw,28,South Africa
513ec38e-3216-4af4-9a2c-b7d96bdbeb24,Vbfycbolpl,50,Canada
f7dcd9b1-37ce-499d-a834-a5308a2a5f7b,Sfqujdh,53,Brazil
91ecc6db-8f3e-49a2-a758-e5fd28f2a3ac,Gqbnddkdaj,40,Germany
28927846-1023-4ed4-b98c-97dae9fadd98,Zcqxgohgall,30,Australia
9475532a-4451-4715-85a2-176cfd2fdef8,Xyxcthufpuwso,35,South Africa
07f8a61a-1805-4b22-8fb0-efc34755a963,Xstabupa,26,India
dfad699a-4606-4b8d-9304-1e1fa0ca5a24,Fiwqfbnqxvk,53,Canada
e8db03f4-e4a3-4bec-91f9-db4d41c78449,Hmfhiqwtpztpf,25,Germany
d4a61b95-48b2-404d-b53f-74f7e538df99,Yckuipikngu,32,Germany
21caf2c2-1b32-47d8-84cd-5acccd749dca,Hfcupoxqizlbe,35,France
7629157e-3e09-4247-a675-91bfd61a5cd4,Bzhld,33,USA
b3aa6ff2-a628-45e5-aa49-d46b806231da,Vgsuxkrwibubgjt,48,Brazil
368466d5-8ab2-449b-abdb-d1f4d86adeb9,Azqfdf,46,Japan
e6129f53-ed04-40aa-8f7b-348fd725a368,Iytjgpcwa,50,USA
c64362b9-544a-4383-a7fb-f25a77425e31,Fzhvi,35,France
f31db58c-a222-42a8-9d38-acc49bd3d87f,Qjg,44,USA
5409a92b-4af6-4322-a071-d6e1f6a2a5ed,Fgmm,40,Japan
e790c130-89c4-4dad-9928-bfe651f63344,Yba,20,Canada
ed71556a-9f2f-46bd-985c-dc07268aee7c,Vzgmdt,53,Australia
9e9813bc-f2d6-4dfe-962c-37a57d8f0cbd,Chyj,45,France
f8a2afa1-3d2c-4b60-879f-293de8649abc,Qwjugp,38,South Africa
1f14ef0c-a407-4874-93cd-7a63de055b2b,Bflxqhsxi,54,South Africa
f512d87f-8924-4b90-bb17-eb8bd997c7bd,Kwvub,34,South Africa
e3c64564-1768-4b64-bdeb-26a057b7c698,Logbcekjmj,19,Australia
fd1bef61-7b3a-44f9-806d-7f416d0818f8,Yynzl,20,Canada
f119f484-e519-4272-8f14-2fed3f6dc062,Jnmovpvoaw,47,Australia
6b11a597-d93b-4051-92e4-0be36fb22217,Itewn,18,Canada
a29b7b65-0997-41fd-a0c5-5cee1ff67256,Yab,55,Canada
70adba9f-db28-4dc4-b942-f75788bb0743,Krj,32,USA
a9bd2dcc-35ac-49e5-a6fd-ea6d5cf0bcb1,Blxsac,25,South Africa
22145712-db03-45f4-a012-283de7a4827e,Xgknfywxl,24,USA
aeaeb695-2eb3-4042-91e7-c6e4b077999e,Hqehcdy,19,France
abf2452c-39fd-4568-8706-f99586f92d0e,Uaydmeqhqzmdchw,47,Canada
392c0b32-a33a-4397-aebd-2b451025b80a,Rlbpdhuwfh,23,India
6c3fd7f1-d0df-4e39-9a68-0b5d8b0a07a8,Rajjmweziwsau,41,Brazil
26e56e9b-7347-428f-a09b-710bd9d7cc39,Sdu,29,France
c4e04fe5-914a-4119-add7-8ee50ccfeed2,Zqaatwvs,45,Australia
d1214ae7-d7b2-4511-95ff-497ae98779d5,Pypcn,44,Germany
b19ddc7a-cb9b-443b-a07c-a7629ac69111,Pvxjadypcnuwqes,42,France
dbfde823-6ade-440d-b28b-f525296fc35b,Anrvkucvkvhd,50,France
6e5a1ecc-e15e-4477-be68-b131c61ff0b5,Shpkulkc,60,Australia
0411e063-bed5-431d-8d0e-4667e7fd1f0f,Vdmjivf,30,Canada
266c90e1-c14d-4b50-a2a5-f09040901d93,Fyyvwpljgqcsp,19,Germany
27eed57e-673b-4f44-b18a-0c6944f8b2ae,Ampdveowhfo,46,South Africa
e8c22086-4b86-491a-86e3-d8246c20c8c1,Yxknhmlbstrt,54,Canada
7f9622ef-1160-4f54-8aba-3775c435fb34,Nxzq,50,Brazil
f09fa9da-9292-4af0-9c91-a2174696c9b2,Ifbjysimrhvx,18,France
725bcf8b-7e20-43a4-a7b0-2e8e5573bc05,Khrzwvrny,48,France
02fb604e-e3a1-477a-83e4-33ac26df8206,Mivxhclgymks,18,France
cd1776a4-2bd7-49e3-8245-51b70116b13e,Nvcobertj,57,USA
f9439037-d8f2-4f3c-bbdb-98bca14a7d75,Ncew,19,France
189b65ec-3a40-46f3-b222-b02054841a4f,Gwksbixhayfcbza,30,Australia
40c665c8-c783-4da5-8028-ce221f92526f,Pzxdz,20,South Africa
e293e464-ecdc-4464-a6dc-39d378e2c630,Sldgcfyyiyaxh,38,Canada
8654245b-92a7-4b66-806c-2c73bb7b7819,Onjyiituypnzjw,49,Canada
85bf1d96-3141-42b8-a497-03545b6a036b,Vaeen,52,India
b80f91c6-b0e0-4fb0-88dd-851d2f4ebb8a,Amwxeyraizmqg,41,Brazil
d1cc0af8-acdd-43ba-a8de-cf252dda22b1,Foubdn,56,Brazil
76940121-66cc-4cd8-a228-44ea03141a74,Tsdiwgffj,60,Australia
6f0487db-8ec8-40b4-aa90-4ed36842e4a1,Ymurm,54,South Africa
405f49f5-fbd2-4f4b-9818-fe5e3ba40ba2,Iyhbetqs,48,USA
f1ee8643-b216-4ff9-b3d7-38ec14e0a318,Airsdasdxkfj,26,Australia
2768d60a-51da-4417-8723-df08e56bfa9b,Hkv,22,Japan
1b5be768-a481-4e10-bf44-0be0f127be8b,Wrhonlzv,43,Canada
e66688d2-2980-4010-a0f0-c02fc7453494,Lok,47,Nigeria
0dc55e5f-6869-4ab0-9aaa-f031a322ac87,Qjzlfuwqsxpxbf,39,India
8030833e-6614-4e5e-b9f7-f2e194b352de,Ujx,19,USA
06cd67e9-3473-4923-ae9f-f2eb753f3f40,Ljxphncryci,26,Australia
f7c2360e-bf47-4bcb-b1bd-b99487eb360a,Laezqor,39,India
10a17da3-821c-4a9e-bd61-3bf1270847d4,Tmagtlm,40,Canada
cb216766-f991-4eb7-a42c-7d5546fd1822,Sxulzf,32,Japan
53b01d25-c421-4b02-a51a-57feaf6dbcb1,Leajlab,47,Australia
aeabb7f9-113c-4bca-99dc-1669aba6b00b,Cgzsj,47,Brazil
a8774956-8e51-4214-ada9-985087fb425a,Zkb,30,Nigeria
9f80f20a-fa52-4620-9ca0-2b2d12036fa0,Jxkyotyuw,43,India
db5cc14f-d695-4c5b-8925-7020432fbdf1,Qkyxhkrgmhhufd,21,India
e512e309-9abe-43e8-860d-b109770f965d,Jroizmagfxntm,58,Canada
658a5b82-2764-4b09-9b57-d5c3ffb2870e,Kfqmyqwfy,20,France
3b43a201-4467-42f1-bcc2-25b4bc195c52,Ripvx,47,South Africa
7f36ac64-0b6f-4a1c-8d17-97c82763385f,Wegmawea,48,South Africa
a2ea13e9-0521-4ce0-8bc2-4474a462d38b,Wsyhdw,38,France
cbc2f535-f82a-4fb3-a693-7dccab9a2953,Diccefuaxgcup,53,Japan
680f3dd3-6529-487c-bd45-d45851a24928,Oocd,39,Japan
e95f88f4-a3f4-460b-8c52-ce242b20bd37,Kpxwmrfphc,42,India
493fc777-3527-4390-b72f-dd20fc53553a,Ypfltyoozh,49,Canada
738e7c66-c50f-4d4d-bf92-1f366d4e71dd,Cxhaxts,43,Brazil
f33b54a2-7bbf-4eb4-aa63-2988f280cad6,Nzhsqniwcrh,19,Germany
a7a64aa7-2fae-4e4f-8bae-e4e8015bd8ec,Pkchzd,23,France
6af4ffc6-3ecd-4eb4-8617-95e70942ffcd,Rxmvmkeedviwxcw,29,Japan
326e9603-ac0e-451a-9a1b-5a118b9168fb,Bftgfsmx,40,Australia
e743a5e1-e1ad-4987-822b-87dbdb8f46fc,Acmczvum,60,USA
7d37a4ac-f2b8-461c-aadf-934f03ca3b48,Xqfi,18,Brazil
6106cbb0-93d8-4cd0-9c6e-2ab32988307e,Tqz,58,Australia
337beb9f-19f4-4b2a-affc-96bae049c9b9,Ppp,27,Germany
a6f59d99-0a00-46aa-b65f-ff447adec19e,Zpvhuglup,46,Germany
d8f99a4c-f77d-4502-a7fe-8370cf0eefe5,Agf,26,South Africa
5e8f4827-e9d1-4c5c-8eca-faafbab1c127,Wsxurqhuh,46,India
fb7539d5-8d52-41fd-b100-11d3f40c5064,Nmphb,56,France
975de9d6-2803-4c58-b52f-64b55fcd585b,Domuwf,57,Canada
b354cb4d-1a37-4e6f-8e7c-2615adcaec66,Bhkwnzjsiklt,31,Germany
ad369c5c-ac8e-4510-a655-5129911ff30d,Ufsivrmvmmqbvbc,44,Japan
c3fe992b-8870-435f-8388-96d35c6beac9,Ankotieujnrs,33,Brazil
f5fb7a79-fc13-4a0a-b233-4f6b99ad571e,Tznponklcqla,24,Nigeria
eb1974f4-bcbf-438f-a42a-5f767d75441a,Pahexvalv,56,Japan
1fda95a0-7881-405f-abd5-441536ad491d,Jxe,41,Japan
1b993476-b7b2-4e8b-b063-dcb41fc03c7b,Hvwsekvd,23,Canada
b4560405-29dc-496a-a45a-368025cece1f,Dygknfzqikayx,27,Nigeria
0f35492a-9192-4531-ac45-a86af1002626,Ckstg,53,South Africa
fef462ba-03cf-46a0-846b-b1e69af1b98f,Mlbxyezumwqtghl,53,Japan
179c851a-fdf7-424a-88c4-709eb0de9244,Jmlorbevysbt,60,Canada
7f9a3d50-3ed8-4618-b789-609be5e61c3b,Bbbonoea,24,India
09151eb8-97d7-47f9-9ae8-a05fc45d6128,Mmz,29,Canada
b0ad5acf-b90f-4177-9403-42e089a6258e,Aksenxjqhfx,21,South Africa
5f686b9f-2cf9-4844-8254-75c54b56b4ff,Xncexpcuzghfhi,42,Japan
dd29517c-85cf-4a27-88de-e5da554262c5,Hyekinibcicdxtj,24,Australia
27e238b1-0380-44ce-a50f-da9b0aac7117,Sdfia,36,India
6526bd61-70ee-44b0-8f7b-c82a4a421c90,Glutjiuzah,31,Nigeria
5e0ff787-a25c-4bb4-aff0-e9484fe49988,Nokizwzaj,43,Nigeria
90b6317a-4c39-47b8-a213-9942fc171ac6,Jbidqrvo,26,Brazil
ba829f00-f983-43db-80be-755697e0b211,Mgkltudzj,41,South Africa
dd00b65c-3157-41a8-ac4e-33088beec96a,Bxxkifddmhg,21,Brazil
ff58fc02-bd58-40cb-9bd5-5923ee5213bd,Fwqkgk,42,Nigeria
c5ba1de3-0fa9-4557-8927-c5634a120708,Nqoevi,40,Nigeria
a8ebc889-673a-441b-8569-96e7060c3c55,Wrrdvefcoqfutgp,56,USA
23beb4ca-40c2-46a3-b025-d931ddf3ebf4,Tvpvjqnu,33,USA
7edab456-f126-4d6e-b4f4-5f328c227d9c,Nfxnom,38,Brazil
2b11a7cc-dbf7-4724-a445-3a4f4d8c2e7c,Pdojngpy,54,Australia
1e1832b3-029a-467e-a129-5ff97bee8410,Udiaylaw,59,Germany
d81067d8-8ee4-40a8-82d7-d9b2a434b73a,Wdlfmtamlbwpfh,41,South Africa
8f29eb0b-358f-41f7-840b-436d2ebc85a3,Phubjqydkqxxmtx,21,Canada
22914f7b-29cf-4c70-8fbc-57cddae6098d,Skanw,38,Canada
8fb8d144-ea18-472c-9a20-77eaeacb8e02,Cppcgxwmb,53,France
56218b57-cf5c-4c56-8571-c0a33091016a,Olxkuvath,38,Canada
6ab4fd86-1fd2-4574-9937-0b6e517cb45c,Edmdrcs,54,Japan
f7dd83a3-9d09-4302-8cf4-52f2bda26f90,Pbgwbpuvkgewaas,53,Australia
409982c9-de36-4629-a2ce-4a9cea934d68,Hwenfonielk,19,India
6e015e6b-e421-48aa-9731-455b7811d4fa,Kedkyxloafrsitv,18,Australia
0cdb4219-2dc8-4f15-ad84-56cf40e69b8c,Wkjvkyhqtiilxe,57,Brazil
5090c2fc-fcd4-4b2f-a772-591599736b08,Xtf,55,Japan
074a4b29-2828-4ebc-ae59-7799195a07e0,Ipf,22,Australia
0b640af5-cb55-4a12-9c65-0b67b87fc768,Ocedvpojaeej,52,Australia
b89e8e89-bcb9-4ac4-b59a-5589b7461c8e,Hnehvgbzg,22,USA
492eb218-10bf-42a1-91eb-6302d674488c,Ttmfxntcatyl,30,Japan
0bb74d79-2b24-47dd-9028-e754e4856a05,Zywnzagfaxueqv,21,France
8b89f656-6228-450d-9414-8c20cba112ad,Yetazlwy,47,Canada
d9f1f3d4-086e-443b-ac58-e457312c3c08,Jxusmayvb,41,South Africa
fc63284b-5078-4267-a097-c95312fb5bae,Xavlxctdbrml,32,South Africa
1cf06d7c-97fa-459d-a621-31008b27a8aa,Osqzseudkizugz,60,Nigeria
13117c0c-ab7b-4a5a-b03b-c6a84a7ac25f,Vmdcspukpxcf,42,South Africa
50f1ec90-588c-49b8-ab14-50169201f729,Mkh,47,India
a3ead2b1-edc2-4549-8f13-87f6621ce8d5,Tco,22,Japan
a49c20b8-271f-4a96-995f-4b3d8a6e15c2,Bfcmzrpzsqi,54,Canada
991d0989-0044-4c8e-b33e-a5d12adca0de,Zcd,35,Germany
3610584e-ebc0-4eae-9fc3-b56a2fc890c5,Ronf,32,Nigeria
302ad242-951f-46ef-b64d-8f027899ab2f,Kwoz,25,Australia
