id,source_label,source_id,target_label,target_id,relation
1,USER,dc43f1ca-83ab-4d6f-96fa-ddee4fa47d8e,PERSON,a49c20b8-271f-4a96-995f-4b3d8a6e15c2,has_profile
1,PERSON,a49c20b8-271f-4a96-995f-4b3d8a6e15c2,USER,dc43f1ca-83ab-4d6f-96fa-ddee4fa47d8e,has_account
2,USER,254ef225-084d-4445-b8ae-2c026f9ef404,PERSON,76940121-66cc-4cd8-a228-44ea03141a74,has_profile
2,PERSON,76940121-66cc-4cd8-a228-44ea03141a74,USER,254ef225-084d-4445-b8ae-2c026f9ef404,has_account
3,USER,23d2937c-8bf7-4b25-af35-f52a08400c32,PERSON,3fe56730-5140-4c1e-a207-32036b822eae,has_profile
3,PERSON,3fe56730-5140-4c1e-a207-32036b822eae,USER,23d2937c-8bf7-4b25-af35-f52a08400c32,has_account
4,USER,5603863d-ad6e-4aef-afe0-fb62df8eefd3,PERSON,4e890363-7e2b-4e89-b505-33a3cc6378f5,has_profile
4,PERSON,4e890363-7e2b-4e89-b505-33a3cc6378f5,USER,5603863d-ad6e-4aef-afe0-fb62df8eefd3,has_account
5,USER,54c5d7a3-68de-45aa-9e10-77938f5543da,PERSON,8b89f656-6228-450d-9414-8c20cba112ad,has_profile
5,PERSON,8b89f656-6228-450d-9414-8c20cba112ad,USER,54c5d7a3-68de-45aa-9e10-77938f5543da,has_account
6,USER,033cb32a-a210-41d3-85cc-15aee0f5aa5f,PERSON,98cc0d7d-5874-496d-ac71-f78ccf811d8c,has_profile
6,PERSON,98cc0d7d-5874-496d-ac71-f78ccf811d8c,USER,033cb32a-a210-41d3-85cc-15aee0f5aa5f,has_account
7,USER,91f83185-5888-4911-8e98-f9672075023b,PERSON,cc49f090-96ec-466e-8722-76cd5ce3232e,has_profile
7,PERSON,cc49f090-96ec-466e-8722-76cd5ce3232e,USER,91f83185-5888-4911-8e98-f9672075023b,has_account
8,USER,7a0638e0-05ec-4143-aef8-c9b129895c46,PERSON,0ab3d70e-be54-49b6-8550-8c9045e8b536,has_profile
8,PERSON,0ab3d70e-be54-49b6-8550-8c9045e8b536,USER,7a0638e0-05ec-4143-aef8-c9b129895c46,has_account
9,USER,570d27cd-e073-4c63-ad3a-df33f27de886,PERSON,579535d3-dc49-45e6-b1fb-72eb52545966,has_profile
9,PERSON,579535d3-dc49-45e6-b1fb-72eb52545966,USER,570d27cd-e073-4c63-ad3a-df33f27de886,has_account
10,USER,88b462f5-ed39-4bda-bfe3-16dd33fc5ee8,PERSON,ba829f00-f983-43db-80be-755697e0b211,has_profile
10,PERSON,ba829f00-f983-43db-80be-755697e0b211,USER,88b462f5-ed39-4bda-bfe3-16dd33fc5ee8,has_account
11,USER,4bcf592c-dd13-42bc-b117-a1f5e26654da,PERSON,0bb74d79-2b24-47dd-9028-e754e4856a05,has_profile
11,PERSON,0bb74d79-2b24-47dd-9028-e754e4856a05,USER,4bcf592c-dd13-42bc-b117-a1f5e26654da,has_account
12,USER,c7268028-6835-485a-b93d-bb5293f7b710,PERSON,cd3ee3da-e672-4c74-a59e-149dac2c0fcd,has_profile
12,PERSON,cd3ee3da-e672-4c74-a59e-149dac2c0fcd,USER,c7268028-6835-485a-b93d-bb5293f7b710,has_account
13,USER,796fce0d-c27c-4402-8250-38d5ca809d6a,PERSON,a9705be0-1e8c-4152-a147-5820510b8af3,has_profile
13,PERSON,a9705be0-1e8c-4152-a147-5820510b8af3,USER,796fce0d-c27c-4402-8250-38d5ca809d6a,has_account
14,USER,a220e53f-2fcb-41b4-9d84-73bd94c758ac,PERSON,4a5fc884-3dc8-4b0e-b95e-463a7ec93edc,has_profile
14,PERSON,4a5fc884-3dc8-4b0e-b95e-463a7ec93edc,USER,a220e53f-2fcb-41b4-9d84-73bd94c758ac,has_account
15,USER,106f1563-f74f-40d2-a3ed-ca4fbb1bc88b,PERSON,66719ef7-b9e6-4975-9768-13ce413c27b2,has_profile
15,PERSON,66719ef7-b9e6-4975-9768-13ce413c27b2,USER,106f1563-f74f-40d2-a3ed-ca4fbb1bc88b,has_account
16,USER,99c6c9c2-2885-4128-938a-ca9d9736cf22,PERSON,b5a1a911-07a9-41bb-8628-28b199a65166,has_profile
16,PERSON,b5a1a911-07a9-41bb-8628-28b199a65166,USER,99c6c9c2-2885-4128-938a-ca9d9736cf22,has_account
17,USER,30706f09-b02b-46bb-b3b1-c9dce4d5d393,PERSON,f4f64d44-5cef-4cde-afe0-6762b01fe246,has_profile
17,PERSON,f4f64d44-5cef-4cde-afe0-6762b01fe246,USER,30706f09-b02b-46bb-b3b1-c9dce4d5d393,has_account
18,USER,0e893fac-12dc-46ac-8d5c-a19e892e71a8,PERSON,f8a2afa1-3d2c-4b60-879f-293de8649abc,has_profile
18,PERSON,f8a2afa1-3d2c-4b60-879f-293de8649abc,USER,0e893fac-12dc-46ac-8d5c-a19e892e71a8,has_account
19,USER,2ed771cc-0b5f-4451-a052-66f194c79d9d,PERSON,6abf4bbb-173f-49a8-927e-49b7745db6df,has_profile
19,PERSON,6abf4bbb-173f-49a8-927e-49b7745db6df,USER,2ed771cc-0b5f-4451-a052-66f194c79d9d,has_account
20,USER,cd4d70ab-93e4-40f3-a8d8-a360e8891046,PERSON,e6129f53-ed04-40aa-8f7b-348fd725a368,has_profile
20,PERSON,e6129f53-ed04-40aa-8f7b-348fd725a368,USER,cd4d70ab-93e4-40f3-a8d8-a360e8891046,has_account
21,USER,2c0026ed-4144-4b02-a584-5512ffde0997,PERSON,c5ba1de3-0fa9-4557-8927-c5634a120708,has_profile
21,PERSON,c5ba1de3-0fa9-4557-8927-c5634a120708,USER,2c0026ed-4144-4b02-a584-5512ffde0997,has_account
22,USER,b4677f7c-20f3-452e-a6a9-bd3c7fcd1761,PERSON,e28130fc-9426-41cb-8b6c-532266c9fbb1,has_profile
22,PERSON,e28130fc-9426-41cb-8b6c-532266c9fbb1,USER,b4677f7c-20f3-452e-a6a9-bd3c7fcd1761,has_account
23,USER,bbed9a71-f9e0-4b5d-9d71-d0ba80189fe7,PERSON,42eb9f69-575c-4686-bc09-c9b66f9a0c1e,has_profile
23,PERSON,42eb9f69-575c-4686-bc09-c9b66f9a0c1e,USER,bbed9a71-f9e0-4b5d-9d71-d0ba80189fe7,has_account
24,USER,5139d590-4b8b-4672-a886-740004fdf741,PERSON,29b55a77-cd41-447e-aedc-180628624c1b,has_profile
24,PERSON,29b55a77-cd41-447e-aedc-180628624c1b,USER,5139d590-4b8b-4672-a886-740004fdf741,has_account
25,USER,b3035424-a2d0-41f6-8625-40fc35361274,PERSON,fb7539d5-8d52-41fd-b100-11d3f40c5064,has_profile
25,PERSON,fb7539d5-8d52-41fd-b100-11d3f40c5064,USER,b3035424-a2d0-41f6-8625-40fc35361274,has_account
26,USER,c211aad8-24ed-40b5-9c14-83999034a441,PERSON,d814639d-8f5c-4c38-9c0d-e4cd631442a9,has_profile
26,PERSON,d814639d-8f5c-4c38-9c0d-e4cd631442a9,USER,c211aad8-24ed-40b5-9c14-83999034a441,has_account
27,USER,2e7da2af-933e-4735-bac7-f063ae8af592,PERSON,903c4f4d-b8a0-49a5-804c-461a3f09a7d6,has_profile
27,PERSON,903c4f4d-b8a0-49a5-804c-461a3f09a7d6,USER,2e7da2af-933e-4735-bac7-f063ae8af592,has_account
28,USER,f34ef51f-c823-442d-9abb-fc1ce17d1853,PERSON,bfbb944b-cb33-433d-9bde-1e7db285506c,has_profile
28,PERSON,bfbb944b-cb33-433d-9bde-1e7db285506c,USER,f34ef51f-c823-442d-9abb-fc1ce17d1853,has_account
29,USER,461c1fac-9080-4309-bcfd-8acf8ddc8b37,PERSON,c105d8cd-2032-48e4-9810-3984163b5c9a,has_profile
29,PERSON,c105d8cd-2032-48e4-9810-3984163b5c9a,USER,461c1fac-9080-4309-bcfd-8acf8ddc8b37,has_account
30,USER,bd7fdab7-4b55-46ea-96cb-1b8664bc7109,PERSON,189b65ec-3a40-46f3-b222-b02054841a4f,has_profile
30,PERSON,189b65ec-3a40-46f3-b222-b02054841a4f,USER,bd7fdab7-4b55-46ea-96cb-1b8664bc7109,has_account
31,USER,3eb62af8-e648-4ef1-a77c-d90386d739ef,PERSON,5409a92b-4af6-4322-a071-d6e1f6a2a5ed,has_profile
31,PERSON,5409a92b-4af6-4322-a071-d6e1f6a2a5ed,USER,3eb62af8-e648-4ef1-a77c-d90386d739ef,has_account
32,USER,0c32f16d-81bc-42b2-ba20-490137e22c5f,PERSON,15f724a5-4727-4689-b56e-9ad73b3c9649,has_profile
32,PERSON,15f724a5-4727-4689-b56e-9ad73b3c9649,USER,0c32f16d-81bc-42b2-ba20-490137e22c5f,has_account
33,USER,fb7130ef-b3aa-4328-8d21-d6660b4b1d60,PERSON,c3fe992b-8870-435f-8388-96d35c6beac9,has_profile
33,PERSON,c3fe992b-8870-435f-8388-96d35c6beac9,USER,fb7130ef-b3aa-4328-8d21-d6660b4b1d60,has_account
34,USER,5802aca8-a0e3-4b76-953b-148810b357a0,PERSON,cd96a9b1-a2a2-4490-91cf-f5b082006082,has_profile
34,PERSON,cd96a9b1-a2a2-4490-91cf-f5b082006082,USER,5802aca8-a0e3-4b76-953b-148810b357a0,has_account
35,USER,60efa4b1-18d6-4f63-b323-21b37b5cb741,PERSON,ba5aa479-3dbe-4d76-8464-b70c4fd99bf6,has_profile
35,PERSON,ba5aa479-3dbe-4d76-8464-b70c4fd99bf6,USER,60efa4b1-18d6-4f63-b323-21b37b5cb741,has_account
36,USER,121e4285-b068-45b3-9531-89534a8ea18e,PERSON,06cd67e9-3473-4923-ae9f-f2eb753f3f40,has_profile
36,PERSON,06cd67e9-3473-4923-ae9f-f2eb753f3f40,USER,121e4285-b068-45b3-9531-89534a8ea18e,has_account
37,USER,4b276770-b3a0-4ba3-84c0-63a170f50bed,PERSON,63615c8e-eb98-4fd6-934b-a0610cc3392a,has_profile
37,PERSON,63615c8e-eb98-4fd6-934b-a0610cc3392a,USER,4b276770-b3a0-4ba3-84c0-63a170f50bed,has_account
38,USER,6c219a90-a267-47c3-8e27-260c328c4fc9,PERSON,84cdd67f-e9b8-4ac9-a6a6-add37c977146,has_profile
38,PERSON,84cdd67f-e9b8-4ac9-a6a6-add37c977146,USER,6c219a90-a267-47c3-8e27-260c328c4fc9,has_account
39,USER,c58070f2-79aa-4021-b494-753abfc58bf7,PERSON,ff58fc02-bd58-40cb-9bd5-5923ee5213bd,has_profile
39,PERSON,ff58fc02-bd58-40cb-9bd5-5923ee5213bd,USER,c58070f2-79aa-4021-b494-753abfc58bf7,has_account
40,USER,20543b0b-2398-406d-af1e-7a721b312778,PERSON,415b43ca-ab89-49ea-a184-f87703dbf7c1,has_profile
40,PERSON,415b43ca-ab89-49ea-a184-f87703dbf7c1,USER,20543b0b-2398-406d-af1e-7a721b312778,has_account
41,USER,0ec181af-1419-4140-b272-f8f575137c30,PERSON,bf050616-1304-445a-994f-76e58a63eb57,has_profile
41,PERSON,bf050616-1304-445a-994f-76e58a63eb57,USER,0ec181af-1419-4140-b272-f8f575137c30,has_account
42,USER,a2b67847-20f1-4484-8a59-b92902da9dfb,PERSON,658a5b82-2764-4b09-9b57-d5c3ffb2870e,has_profile
42,PERSON,658a5b82-2764-4b09-9b57-d5c3ffb2870e,USER,a2b67847-20f1-4484-8a59-b92902da9dfb,has_account
43,USER,4514c026-4729-46ab-9924-cb0c30d93773,PERSON,48f41cfd-4bc7-47ca-98bb-1bf5b41b4b00,has_profile
43,PERSON,48f41cfd-4bc7-47ca-98bb-1bf5b41b4b00,USER,4514c026-4729-46ab-9924-cb0c30d93773,has_account
44,USER,fda6a841-fed2-443a-b828-6f92d3733c8b,PERSON,409982c9-de36-4629-a2ce-4a9cea934d68,has_profile
44,PERSON,409982c9-de36-4629-a2ce-4a9cea934d68,USER,fda6a841-fed2-443a-b828-6f92d3733c8b,has_account
45,USER,9f1e17a6-fcd7-46d7-ba4f-0c2d501b6ecd,PERSON,cbc2f535-f82a-4fb3-a693-7dccab9a2953,has_profile
45,PERSON,cbc2f535-f82a-4fb3-a693-7dccab9a2953,USER,9f1e17a6-fcd7-46d7-ba4f-0c2d501b6ecd,has_account
46,USER,5391b6e6-e87b-49a4-a212-dba9c307b829,PERSON,a6f59d99-0a00-46aa-b65f-ff447adec19e,has_profile
46,PERSON,a6f59d99-0a00-46aa-b65f-ff447adec19e,USER,5391b6e6-e87b-49a4-a212-dba9c307b829,has_account
47,USER,5ddc09b3-b391-49f3-857d-62143c4c8c23,PERSON,c59d809c-d87c-41a2-a7f5-25df60cb1543,has_profile
47,PERSON,c59d809c-d87c-41a2-a7f5-25df60cb1543,USER,5ddc09b3-b391-49f3-857d-62143c4c8c23,has_account
48,USER,065c4627-1e15-4358-a3de-af2f4b1f9f49,PERSON,02fb604e-e3a1-477a-83e4-33ac26df8206,has_profile
48,PERSON,02fb604e-e3a1-477a-83e4-33ac26df8206,USER,065c4627-1e15-4358-a3de-af2f4b1f9f49,has_account
49,USER,61921c8b-0024-408d-a3d3-975e3cb474a3,PERSON,f5fe8fd9-e5c0-44e4-bd3a-11fe9a53bb75,has_profile
49,PERSON,f5fe8fd9-e5c0-44e4-bd3a-11fe9a53bb75,USER,61921c8b-0024-408d-a3d3-975e3cb474a3,has_account
50,USER,ad4a57a7-1e4c-4310-8562-106eba181eff,PERSON,1fda95a0-7881-405f-abd5-441536ad491d,has_profile
50,PERSON,1fda95a0-7881-405f-abd5-441536ad491d,USER,ad4a57a7-1e4c-4310-8562-106eba181eff,has_account
51,USER,cc06cf7a-1818-46cd-bff3-10859b9dcea2,PERSON,5e90ff0f-7bcc-4b77-9bde-ab109759eb48,has_profile
51,PERSON,5e90ff0f-7bcc-4b77-9bde-ab109759eb48,USER,cc06cf7a-1818-46cd-bff3-10859b9dcea2,has_account
52,USER,dde93b2e-ae9d-4d6d-8544-fd024047a67a,PERSON,392c0b32-a33a-4397-aebd-2b451025b80a,has_profile
52,PERSON,392c0b32-a33a-4397-aebd-2b451025b80a,USER,dde93b2e-ae9d-4d6d-8544-fd024047a67a,has_account
53,USER,e9f7cfe3-7412-40b0-81d6-b6c2be6c6877,PERSON,5e8f4827-e9d1-4c5c-8eca-faafbab1c127,has_profile
53,PERSON,5e8f4827-e9d1-4c5c-8eca-faafbab1c127,USER,e9f7cfe3-7412-40b0-81d6-b6c2be6c6877,has_account
54,USER,8316df83-ac9f-4332-bc7d-624e3ff58836,PERSON,a7a64aa7-2fae-4e4f-8bae-e4e8015bd8ec,has_profile
54,PERSON,a7a64aa7-2fae-4e4f-8bae-e4e8015bd8ec,USER,8316df83-ac9f-4332-bc7d-624e3ff58836,has_account
55,USER,376f9cf0-403a-4217-b436-1a1474eb4da6,PERSON,fe1c652b-6558-4b4d-a017-8c70bd30cab8,has_profile
55,PERSON,fe1c652b-6558-4b4d-a017-8c70bd30cab8,USER,376f9cf0-403a-4217-b436-1a1474eb4da6,has_account
56,USER,75f3bc6b-3b7e-4c5d-864b-9b4a48ef736e,PERSON,31021427-cff6-4afc-b46a-ccb8a126f7ff,has_profile
56,PERSON,31021427-cff6-4afc-b46a-ccb8a126f7ff,USER,75f3bc6b-3b7e-4c5d-864b-9b4a48ef736e,has_account
57,USER,661d2b27-ffc8-4dbe-a128-cdd751754377,PERSON,5e0ff787-a25c-4bb4-aff0-e9484fe49988,has_profile
57,PERSON,5e0ff787-a25c-4bb4-aff0-e9484fe49988,USER,661d2b27-ffc8-4dbe-a128-cdd751754377,has_account
58,USER,d821e79f-91e1-482b-af80-71ccd99b8493,PERSON,a1354798-6737-42c8-9971-d36e2bc34d86,has_profile
58,PERSON,a1354798-6737-42c8-9971-d36e2bc34d86,USER,d821e79f-91e1-482b-af80-71ccd99b8493,has_account
59,USER,b2d7e026-37a4-406d-b44b-dd171e63b808,PERSON,190cf712-236b-481c-8b66-1f1787d5b041,has_profile
59,PERSON,190cf712-236b-481c-8b66-1f1787d5b041,USER,b2d7e026-37a4-406d-b44b-dd171e63b808,has_account
60,USER,3b3b8c3e-5ae8-4e58-968b-47e7ec686458,PERSON,53e04341-0078-4726-8a62-828619368abd,has_profile
60,PERSON,53e04341-0078-4726-8a62-828619368abd,USER,3b3b8c3e-5ae8-4e58-968b-47e7ec686458,has_account
61,USER,4694d508-a259-4271-8af2-5582b3caaaf7,PERSON,2b7b3e7c-72e9-4910-8da7-b064394dbe34,has_profile
61,PERSON,2b7b3e7c-72e9-4910-8da7-b064394dbe34,USER,4694d508-a259-4271-8af2-5582b3caaaf7,has_account
62,USER,92b26994-4f27-4b61-b0d5-35921e1f8928,PERSON,3b43a201-4467-42f1-bcc2-25b4bc195c52,has_profile
62,PERSON,3b43a201-4467-42f1-bcc2-25b4bc195c52,USER,92b26994-4f27-4b61-b0d5-35921e1f8928,has_account
63,USER,c6b4e41d-ea9e-4c39-8a1a-7b5f39a9ac04,PERSON,cb216766-f991-4eb7-a42c-7d5546fd1822,has_profile
63,PERSON,cb216766-f991-4eb7-a42c-7d5546fd1822,USER,c6b4e41d-ea9e-4c39-8a1a-7b5f39a9ac04,has_account
64,USER,3fd429c0-040f-46c2-8179-3048c25c3656,PERSON,307d36d2-7bdc-4e6f-ac95-c05bfbf8b0d8,has_profile
64,PERSON,307d36d2-7bdc-4e6f-ac95-c05bfbf8b0d8,USER,3fd429c0-040f-46c2-8179-3048c25c3656,has_account
65,USER,a1ba060d-dfbf-43cb-9895-3b0482d28f1c,PERSON,8654245b-92a7-4b66-806c-2c73bb7b7819,has_profile
65,PERSON,8654245b-92a7-4b66-806c-2c73bb7b7819,USER,a1ba060d-dfbf-43cb-9895-3b0482d28f1c,has_account
66,USER,b66d2f31-a330-4c44-a082-9233a076a786,PERSON,8c44bced-2212-41cc-8e67-7040fe2f48df,has_profile
66,PERSON,8c44bced-2212-41cc-8e67-7040fe2f48df,USER,b66d2f31-a330-4c44-a082-9233a076a786,has_account
67,USER,3820377d-babf-41ad-b563-72e77752ae35,PERSON,a3ead2b1-edc2-4549-8f13-87f6621ce8d5,has_profile
67,PERSON,a3ead2b1-edc2-4549-8f13-87f6621ce8d5,USER,3820377d-babf-41ad-b563-72e77752ae35,has_account
68,USER,8cb8d453-5bc5-4eec-99ec-61f5881cec66,PERSON,f09fa9da-9292-4af0-9c91-a2174696c9b2,has_profile
68,PERSON,f09fa9da-9292-4af0-9c91-a2174696c9b2,USER,8cb8d453-5bc5-4eec-99ec-61f5881cec66,has_account
69,USER,5d1de1f6-cd07-43de-91d0-e66f9b548fdb,PERSON,513ec38e-3216-4af4-9a2c-b7d96bdbeb24,has_profile
69,PERSON,513ec38e-3216-4af4-9a2c-b7d96bdbeb24,USER,5d1de1f6-cd07-43de-91d0-e66f9b548fdb,has_account
70,USER,c6f4e82f-2f54-4fb7-8886-284c5c7c14c2,PERSON,337beb9f-19f4-4b2a-affc-96bae049c9b9,has_profile
70,PERSON,337beb9f-19f4-4b2a-affc-96bae049c9b9,USER,c6f4e82f-2f54-4fb7-8886-284c5c7c14c2,has_account
71,USER,933f35f5-989f-4ea4-8e14-910c088f7c74,PERSON,a2ea13e9-0521-4ce0-8bc2-4474a462d38b,has_profile
71,PERSON,a2ea13e9-0521-4ce0-8bc2-4474a462d38b,USER,933f35f5-989f-4ea4-8e14-910c088f7c74,has_account
72,USER,ea4c1662-683a-4ad8-820c-06bd8f4aafd4,PERSON,10a17da3-821c-4a9e-bd61-3bf1270847d4,has_profile
72,PERSON,10a17da3-821c-4a9e-bd61-3bf1270847d4,USER,ea4c1662-683a-4ad8-820c-06bd8f4aafd4,has_account
73,USER,f2a6be6a-462a-4056-b94a-ff19110e37af,PERSON,10f61373-f320-430b-9c5e-2237f5dac9a8,has_profile
73,PERSON,10f61373-f320-430b-9c5e-2237f5dac9a8,USER,f2a6be6a-462a-4056-b94a-ff19110e37af,has_account
74,USER,0f9c1574-c938-4235-aa8d-00335cae9901,PERSON,0411e063-bed5-431d-8d0e-4667e7fd1f0f,has_profile
74,PERSON,0411e063-bed5-431d-8d0e-4667e7fd1f0f,USER,0f9c1574-c938-4235-aa8d-00335cae9901,has_account
75,USER,2b462cdb-742f-4522-8099-8d9f944e3a42,PERSON,1f3021cd-6dad-428c-a1a9-149ce6c23d1f,has_profile
75,PERSON,1f3021cd-6dad-428c-a1a9-149ce6c23d1f,USER,2b462cdb-742f-4522-8099-8d9f944e3a42,has_account
76,USER,50ee2412-a1f0-4aac-b1c7-707d6af4dba7,PERSON,db5cc14f-d695-4c5b-8925-7020432fbdf1,has_profile
76,PERSON,db5cc14f-d695-4c5b-8925-7020432fbdf1,USER,50ee2412-a1f0-4aac-b1c7-707d6af4dba7,has_account
77,USER,9612b837-0695-4cfd-9e95-c7719c4a8e9d,PERSON,49326d97-c62f-4453-9af6-e11fcc3f8518,has_profile
77,PERSON,49326d97-c62f-4453-9af6-e11fcc3f8518,USER,9612b837-0695-4cfd-9e95-c7719c4a8e9d,has_account
78,USER,34e1589c-dee3-4cea-9032-2fdc26d007c4,PERSON,e8c22086-4b86-491a-86e3-d8246c20c8c1,has_profile
78,PERSON,e8c22086-4b86-491a-86e3-d8246c20c8c1,USER,34e1589c-dee3-4cea-9032-2fdc26d007c4,has_account
79,USER,0c72ddec-7255-491c-8843-fe50e137fb3a,PERSON,5090c2fc-fcd4-4b2f-a772-591599736b08,has_profile
79,PERSON,5090c2fc-fcd4-4b2f-a772-591599736b08,USER,0c72ddec-7255-491c-8843-fe50e137fb3a,has_account
80,USER,be124563-cc5a-4548-8666-0eddbdecdcdb,PERSON,56218b57-cf5c-4c56-8571-c0a33091016a,has_profile
80,PERSON,56218b57-cf5c-4c56-8571-c0a33091016a,USER,be124563-cc5a-4548-8666-0eddbdecdcdb,has_account
81,USER,41c15590-8f40-412b-be75-192f25953fed,PERSON,d8f99a4c-f77d-4502-a7fe-8370cf0eefe5,has_profile
81,PERSON,d8f99a4c-f77d-4502-a7fe-8370cf0eefe5,USER,41c15590-8f40-412b-be75-192f25953fed,has_account
82,USER,17f19bf2-d7fa-46fa-8070-80da6275dbf6,PERSON,6e5a1ecc-e15e-4477-be68-b131c61ff0b5,has_profile
82,PERSON,6e5a1ecc-e15e-4477-be68-b131c61ff0b5,USER,17f19bf2-d7fa-46fa-8070-80da6275dbf6,has_account
83,USER,1abf0d6b-51c4-4aa1-8c32-775a353a2f72,PERSON,dbf77437-76bf-4d7b-b249-2bf7e21598e8,has_profile
83,PERSON,dbf77437-76bf-4d7b-b249-2bf7e21598e8,USER,1abf0d6b-51c4-4aa1-8c32-775a353a2f72,has_account
84,USER,1f11fb1c-45e5-4207-9032-1d005acc25da,PERSON,1b993476-b7b2-4e8b-b063-dcb41fc03c7b,has_profile
84,PERSON,1b993476-b7b2-4e8b-b063-dcb41fc03c7b,USER,1f11fb1c-45e5-4207-9032-1d005acc25da,has_account
85,USER,1c37f6cb-ce62-44fd-9882-055590f56d7b,PERSON,5f686b9f-2cf9-4844-8254-75c54b56b4ff,has_profile
85,PERSON,5f686b9f-2cf9-4844-8254-75c54b56b4ff,USER,1c37f6cb-ce62-44fd-9882-055590f56d7b,has_account
86,USER,8f4b0bd8-995a-4536-8e34-59e645fe628f,PERSON,302ad242-951f-46ef-b64d-8f027899ab2f,has_profile
86,PERSON,302ad242-951f-46ef-b64d-8f027899ab2f,USER,8f4b0bd8-995a-4536-8e34-59e645fe628f,has_account
87,USER,90181b83-0d94-4acd-887f-bb8faa98301e,PERSON,e9f467d4-6139-4a80-8987-77dbd5d3acc5,has_profile
87,PERSON,e9f467d4-6139-4a80-8987-77dbd5d3acc5,USER,90181b83-0d94-4acd-887f-bb8faa98301e,has_account
88,USER,1d159485-cd95-43a4-a14c-25d3be749e69,PERSON,982fdf46-f822-46e5-8c21-94f5ff34393e,has_profile
88,PERSON,982fdf46-f822-46e5-8c21-94f5ff34393e,USER,1d159485-cd95-43a4-a14c-25d3be749e69,has_account
89,USER,f8c79cd5-f9de-4717-b3a7-492ea4ca86ad,PERSON,49866fde-1d77-4f5d-8c5d-7780873fabec,has_profile
89,PERSON,49866fde-1d77-4f5d-8c5d-7780873fabec,USER,f8c79cd5-f9de-4717-b3a7-492ea4ca86ad,has_account
90,USER,c125d0e0-6b10-4b77-9ccc-341b1c282db9,PERSON,e3c64564-1768-4b64-bdeb-26a057b7c698,has_profile
90,PERSON,e3c64564-1768-4b64-bdeb-26a057b7c698,USER,c125d0e0-6b10-4b77-9ccc-341b1c282db9,has_account
91,USER,e0f524ff-8ecd-48fe-863c-ca9838111476,PERSON,4b9990ff-8b48-4eab-a738-2531ba6ad6b6,has_profile
91,PERSON,4b9990ff-8b48-4eab-a738-2531ba6ad6b6,USER,e0f524ff-8ecd-48fe-863c-ca9838111476,has_account
92,USER,e910af0c-7432-4038-9ed7-aedcef31f400,PERSON,a86a9617-ee05-4dae-849b-f5ca6c7798e1,has_profile
92,PERSON,a86a9617-ee05-4dae-849b-f5ca6c7798e1,USER,e910af0c-7432-4038-9ed7-aedcef31f400,has_account
93,USER,664695ef-fde2-4f58-bd6d-fb4e5e259e75,PERSON,a8fddcdd-14dd-492c-a9ce-398c878d5ed7,has_profile
93,PERSON,a8fddcdd-14dd-492c-a9ce-398c878d5ed7,USER,664695ef-fde2-4f58-bd6d-fb4e5e259e75,has_account
94,USER,60b04be4-6cde-4904-b4da-fc0181cdbebc,PERSON,ba9db27e-9103-4dce-a332-d5f399db2d9b,has_profile
94,PERSON,ba9db27e-9103-4dce-a332-d5f399db2d9b,USER,60b04be4-6cde-4904-b4da-fc0181cdbebc,has_account
95,USER,ed7c522b-93d4-4538-ae90-643c1aba8989,PERSON,fc63284b-5078-4267-a097-c95312fb5bae,has_profile
95,PERSON,fc63284b-5078-4267-a097-c95312fb5bae,USER,ed7c522b-93d4-4538-ae90-643c1aba8989,has_account
96,USER,16e205f3-2606-4aa1-bfa6-694d8d3e037d,PERSON,813dc45f-11b8-4457-ba0b-ca92f16471dc,has_profile
96,PERSON,813dc45f-11b8-4457-ba0b-ca92f16471dc,USER,16e205f3-2606-4aa1-bfa6-694d8d3e037d,has_account
97,USER,fc67799e-d87d-4b4d-a8dd-7ca5f6dff392,PERSON,6c3fd7f1-d0df-4e39-9a68-0b5d8b0a07a8,has_profile
97,PERSON,6c3fd7f1-d0df-4e39-9a68-0b5d8b0a07a8,USER,fc67799e-d87d-4b4d-a8dd-7ca5f6dff392,has_account
98,USER,21f5f51c-b6fa-4a87-b99a-c51a74e6b0d6,PERSON,dd00b65c-3157-41a8-ac4e-33088beec96a,has_profile
98,PERSON,dd00b65c-3157-41a8-ac4e-33088beec96a,USER,21f5f51c-b6fa-4a87-b99a-c51a74e6b0d6,has_account
99,USER,a293ab6c-d576-49b8-8f33-ec8320f7c62b,PERSON,1a499ecb-ee81-4042-8f65-565c60155d3e,has_profile
99,PERSON,1a499ecb-ee81-4042-8f65-565c60155d3e,USER,a293ab6c-d576-49b8-8f33-ec8320f7c62b,has_account
100,USER,8e7a40a1-7c46-4f77-9fae-352418059b38,PERSON,765b87ba-18a2-4d17-bd2e-ebf9a6e83e03,has_profile
100,PERSON,765b87ba-18a2-4d17-bd2e-ebf9a6e83e03,USER,8e7a40a1-7c46-4f77-9fae-352418059b38,has_account
